wallet,cluster,first_fill,first_mint,bridged_usdc
0x00b6704b6f1341d9b74d1481ceeddc7a45b2f999,AE2J,35672335,41239122,14910.960687
0x0151b900b8c27b02cbe4e85f325db56e81ba86e0,AE2J,35633523,39975688,21824.317552
0x03502e2b26a9c4f16d0da5f988c055282eb870e2,9Ns5,42324785,42324447,32415.346344
0x04e9d1fc471f17037aa069976cfc6da1f11d1438,9Ns5,42324782,42323077,29260.534721
0x0791641813feda20d23f4d7dc6a00643a31880b0,9Ns5,42324801,42324558,29654.296008
0x08e3f66278cb41267bc27c5c5233352fdb071146,AE2J,35654633,40059197,20927.950045
0x08f5169f7e20bc92064666d63f0d18f03c945c5b,AE2J,35669516,38814590,22205.89636
0x0abc68da6dff164e95ee5ee0ff9ef68bd08a9482,9Ns5,42324801,42324476,32978.821271
0x0c05403dbc8cd7558a0907292c8d5f6c032df157,9Ns5,42324792,42322962,28822.962698
0x0ec5f85aa1985c1d4113eaf84aff31d9377f3708,9Ns5,45871386,45894841,23391.187928
0x106f90adb6ec8eacd2dffbfb1ca937bf8dc16bac,9Ns5,45894511,45895846,28213.115103
0x122868469f5bbcf6d9b90758867aaa2157c62546,AE2J,35684605,40059055,20208.220164
0x12c528b4b4ce39d186433e95f7e21a1dd15f8458,AE2J,35591516,38780939,25766.64
0x15b3176ee08c799b5eaad507127455b832596073,9Ns5,45895074,45894974,31669.714655
0x16b8766e6b52bb0113213ad2d4987ec1e9b99e13,9Ns5,45871453,45894852,26475.053222
0x171a375e12fb7e948f89d39a5d2fb13e34b2cf12,AE2J,35631707,41239081,11500.158654
0x1743146e23ebe5cd02dfa795a095b77c6f200ac9,9Ns5,42324809,42324156,30680.57461
0x179544126baff9a885620c72d011916492c58766,AE2J,35647921,40059162,21556.692758
0x1841444288cc042213741268edae89ab0a0a44f4,9Ns5,42324782,42323087,29684.017883
0x191351eec6a09bdae423438edba0f4bf1d95207d,9Ns5,42324801,42324486,29305.844356
0x196c747e02635b3de6d3f67580ba62ed482fc864,9Ns5,45988345,45988648,18506.535416
0x1c619d64181669d4fbb452245c06be9be67bcfdd,AE2J,35685570,38781211,31166.19
0x1d1f3206e671fd2a67c943d93163e6bddfb4262f,9Ns5,45894577,45895836,24676.52564
0x1e945453fcb562c562b72582d7254f58324b764a,9Ns5,45894528,45895889,27332.802375
0x20e8f154a877034dd0145b304d90b99bbd8d558d,9Ns5,45988266,45988587,22375.982036999998
0x21ea7251a8368ce69c06b81f45f6ff3147feea36,9Ns5,45911515,45988468,22909.091412
0x23a51a2507f6db2efab5093c08e35e718925dca3,9Ns5,45871386,45894862,26280.178172
0x24098eb6e196a8b94b42bd46fdcbf507af651df6,9Ns5,42324799,42324405,29195.506198
0x2488df29756354c1a334e767325266bfe7b1ef22,9Ns5,42324796,42324199,32086.498301
0x29bc885242f5c3c0bf1ff352598caf9bb503044d,9Ns5,45871386,45894736,28096.662842
0x29dd54f3dd1491d1e2bc69944b5983e211f58aaf,9Ns5,45895976,45895878,27674.536655
0x2a0a7cab60677aaa6706cc0f4ce76665dae69fa3,9Ns5,45911748,45988535,41677.159752
0x2c18e153217b1b1c84a57588073a4fa915116c5c,9Ns5,42324794,42323035,28156.906952
0x2c866bd6d068390feb7e3245b518d664b11815d5,AE2J,35672344,38837769,25393.730934
0x2e9d47a26e9a679e44a8037e270d626f6b5704dd,AE2J,35640661,40059479,19994.997284
0x305512f530792f0815c1ff12d6dfed2901dd5273,9Ns5,42324782,42323065,32501.229116000002
0x3096d9f9a99138569ff618e0f295b2605858c789,AE2J,35672333,41238822,21247.91736
0x35d20e20fe638705ea620cc434a61e6c857e51b8,9Ns5,42324780,42322994,29172.701216999998
0x3a1ef7b849f7808e27f431e58b241f4e0ec45f08,AE2J,35685391,41238051,14791.921473999999
0x3bb56317de58b1e410b2f3659f8ff8b4b6b25303,AE2J,35640690,41238135,17403.631629
0x3e02ca4daf734bca12a033bfff07f2075ee103a8,9Ns5,45894595,45895933,30597.948822
0x40506462296f3e4ba0d2877d3df5024c3a555b99,9Ns5,42324789,42319432,29380.088738
0x40b2ab179322ff3fbbee44a39be3e1e110e057b1,AE2J,35644273,41237863,11330.087753
0x43e74a8d2b4492a89862e6a748c7308d1cf24a04,AE2J,35685387,41237974,14517.108341000001
0x443c3153efd15c1b16e75e7c6a9bd6554da05d05,AE2J,35685438,41237684,18410.923217
0x44a55e4a7c8fac2d285224da96419ff31607bc03,9Ns5,42324799,42324361,31294.959529
0x44bf102ac4ce55a0d57e59f7d5f9828b38be6250,9Ns5,42324796,42324166,32976.728408
0x4651f69873f1be6c94890d79e945b80ec9dd4fd3,9Ns5,45894577,45895759,28711.122385
0x467cd02aaf670d67d92f6aaf2bbcf9c2ecc73ba9,9Ns5,45895872,45895791,21594.695761
0x46ee7d5fb144f76aac5f9214528f30a91450c501,9Ns5,45911437,45988545,29455.769664
0x4745872ee8e2feca6f1358a72ce79440e79b8172,9Ns5,42324801,42324517,30602.667112
0x48853fbba65055666a7960508302c891ce8f39fd,AE2J,35633488,40059316,20727.288803
0x48b573ab7bec10728141ed8e5c0f7cd2e88708a4,9Ns5,42324792,42322897,34545.606571
0x4928a1640bb2b21272a0b713582e69e893a51fee,9Ns5,42324794,42323025,30758.801726
0x4c57d4d6313fa0b4470679dbbf5eb3db63b3a916,9Ns5,42324792,42322952,32609.88762
0x4c7b7f67104195d35b5537348512fe1c1f15d85b,9Ns5,45895976,45895953,22123.47521
0x4cddee9263161003af7f20f919181fff14713d8e,9Ns5,42324799,42324395,28339.798938
0x4eb14aed5077c93f720b98e9c512cdbe757ff3b3,9Ns5,45871386,45894907,24670.523451
0x4fdb57f71dfa37da7875b66a7210ce44a1862633,AE2J,35638771,41239024,14272.302173
0x50bd61726930c37f1b33a1603fc2e4f344bbc44c,AE2J,35662322,41238914,14745.921409
0x5179c31d12ebf80beb716f19f59c10db3c5dccab,9Ns5,42324814,42324538,30656.694302
0x51ba3d50c5b80070de3419157fce0eb46afcfa69,9Ns5,42324792,42322941,30953.361123
0x51c8ad3fc12a10ebe225a0e66ea69288503ad739,9Ns5,42324789,42319689,30505.943047
0x5392a60b79f5a95b29a437e96070780a9c5a9fb7,AE2J,35685693,38837829,23592.87
0x53fe97c508b7e2cab76924eed510b2590366d8d2,AE2J,35685371,38837975,21332.632739
0x540304b50b6498c60511bc2eda1dbbd7b6d4a3cb,AE2J,35685491,41237718,11623.370748
0x548732577961b66afcda43d1c47db539915c17fb,AE2J,35685420,38814796,29500.551574
0x56a28e7efe62400968a927280362f84138b2466a,AE2J,35640588,40059273,20719.201856
0x578451b97342c6917b979fff91485cb42e7af9ec,9Ns5,45872198,45894984,23477.141541999998
0x578c31a7a005b03cdd8b23671dd58d5310fcc8c1,9Ns5,45872230,45894930,35385.549042
0x58085d4b6662bbd2acdd99dffe3c78b8661422ec,9Ns5,45871565,45894895,25650.40564
0x599870cc3752511dad8eca6980e861bcca53c768,9Ns5,42324812,42324427,31674.751111
0x5a6b5352f46c07da306c60926b78e53e67e061ca,9Ns5,42324785,42324437,32196.122977
0x5aa76047cafc5650dceac42089f3590538cc8550,9Ns5,45894661,45895943,31370.723721
0x5bf481a94e1fcadf9db3d73b97c4b799272115ce,9Ns5,45911437,45988503,25453.484085
0x5d5df741182561e9e2e3e1a143082daacff3795a,9Ns5,45894528,45895858,32783.193058
0x5dd1eb898cb24e00a0575d95afcb4f2d22410f9a,9Ns5,45872198,45895015,21397.905956
0x606471f4b185ff414872a86874cde680d25b4a0d,9Ns5,42324787,42324497,32559.003717
0x65703f8f43ec2939de126938c82e4046d125ab44,AE2J,35685372,38837734,22906.27563
0x696ec0da3a4c332694d66c6941e4383646bfae3f,9Ns5,45895949,45895921,32245.195656
0x6d4500900a402d39c3b954dbb01d2f41b363973f,9Ns5,42324780,42322921,32628.833265
0x6fc5910e7227e206cef2ed20737680becaa9d2bd,9Ns5,45988318,45988618,41483.86321
0x7116b11588a6e204b5ed94fd7c2c5020578dd83c,9Ns5,45911475,45988492,26119.186503
0x7236cec742d9cc4ae4f7e61417e2c08b0b1b1fdf,AE2J,35644072,40059402,16331.299019
0x737b4edd8a4bb12fb9f199956a3c8768e7f74f11,9Ns5,42324789,42319387,35247.848713
0x74f6558bcbcd43b834c4bf1339dea6b98fce748f,AE2J,35685262,41238016,22606.282221
0x75f7a9c91646e866f964823bb3dcba791f49f236,AE2J,37920372,38856378,26890.95
0x77035c0745c7d90ce232ca731b3261d94b70f427,9Ns5,42324805,42322931,27944.335924
0x7836f635e86b548bd1b245cd159f9318b79b0983,9Ns5,42324805,42322909,32290.682728
0x78da84f0d52ea2f80dc122b881be29542680a629,9Ns5,42324787,42324466,31785.056498
0x78dccf7272a7895137606413ed740665f5e652c8,9Ns5,42324789,42319623,34469.57002
0x7a9813714db9f2042cf7bdea4421c954d79243e6,9Ns5,45895872,45895825,26779.375194
0x7ab8f48a40691049a6b16cecda05f320df5e0331,AE2J,35685430,38837857,26360.845393
0x7db44aefcc7c1fed00a129ef8b64eddc102e5ab2,AE2J,37920538,38781338,26832.37
0x806b56771a753b68c3c53b47c6f8f8f82ddc8fbd,AE2J,37920415,38781276,31455.95
0x81801025871ee73ac195edd2ffb4b3353b765e00,9Ns5,45895872,45895780,19594.066972
0x83be2fa0a4354d56f3b0a5c0daa8a12a7b45d21e,AE2J,37920414,38856454,27933.57
0x849a963fb6f23e37edfeba7174c8e92fcb54dca3,AE2J,35637095,40059440,24953.027628
0x86e041e9cf500361a8be4357e928672d91ad910b,AE2J,35637115,41238969,13028.232627
0x888635c2c0193371e22c7362083adf19f30b0b3b,9Ns5,42324812,42324457,28795.960028
0x899096164748a28effcea87fc5fe17aced3f30fe,AE2J,37920073,38856508,21834.78
0x8d6dee7ecf3a4776bcd9dd895e8e23efde4816a4,9Ns5,45872102,45894943,25434.008449
0x8dfbd3a6323a69ef7deea511aff87d930bc14360,AE2J,35654681,41238867,12545.193481
0x93a0a3600e0bfb1bf482d9a43e002c1206c3435d,9Ns5,42324794,42323045,32242.71239
0x9477eb4970dde9e51bf2eddfa78fd3791b0135bf,9Ns5,42324807,42323055,30225.621135
0x9720f27ee2bc9b47e1c0a9b3e6d362043e08fd31,AE2J,35631392,40058959,23475.833881
0x97acc627ca2d37320ff1b6daa8d024eccde95336,9Ns5,45988292,45988608,16456.529188
0x9a7305fb47cc72d257da6e70b7ced9b754e6494f,AE2J,35685228,39975626,16155.955776
0x9b2d71a825fa72d8a112cf833a2822027440139c,AE2J,35672333,38814653,19202.879235
0x9c44b10f39e6a07889ed3d821669565fb11409b3,9Ns5,45988292,45988638,23550.051074
0x9c855bbe2da60429af1691b41e536d654def14d1,AE2J,35640553,40059231,23664.933613
0x9f997f7c146fbc311aa5c1d0fd01b19b814277a5,9Ns5,42324789,42319642,29254.36139
0xa38510261297a9a3d519d36c6566dae7065c4ff4,9Ns5,42324809,42324340,27250.119347
0xa3c489d87bbbf5ed4eb36fc96d0e9477f7d586a0,AE2J,35643906,41239054,15023.813833
0xa572496db77fdf57624301bc88d434fec80c1e48,AE2J,35638672,40059366,16260.214536
0xa679301d0486238b0e4ce2c34e18190397f5f00e,AE2J,35655055,38837885,28525.923077
0xa6ca7bae9aa52bc783c11cfbabb241e3bc361947,9Ns5,42324780,42322972,29409.576228
0xa7c45c93e9ffdb17de1e74eda0916edef578c4e0,AE2J,35685364,38837917,22263.301687
0xac3761de9ee4eabe51184146abc306ae6257e710,AE2J,35685621,38856310,25178.05
0xaec221ee2291af1ea41afa7b4d09a339622ed152,9Ns5,42324801,42324528,25244.792805
0xb14bb6f254574edd63173672c4237ca5c874725d,9Ns5,42324789,42319676,32923.883323
0xb415078be0e896f33ee197c5cba61847beb42f64,AE2J,35591508,38781123,19871.69
0xb5b66a7af26744f0431a37eb7772a6f50f174e0e,9Ns5,42324801,42324507,29817.532702
0xbb5370334f2a3eeef4c419fb57a0b24bca3cf263,9Ns5,42324799,42324384,31369.280052
0xbb6bd94a674260815f9af84cf392b19214b4e023,9Ns5,45894511,45895801,19901.630156
0xbb7e70cf7874379fc4f91ceb2bd3160b98c5da16,9Ns5,42324801,42324548,26846.753294
0xbbffac15080d30594edef134010864fba725477c,9Ns5,42324803,42319663,31784.995799
0xbc3fa7e33842a9804c08a52da7e395e6f95378f0,9Ns5,42324807,42323097,30000.979049999998
0xc1c3b7a1836fad06430e1edf9f881151b480080c,9Ns5,42324778,42319653,29878.333116
0xc2752b98d8241473addccc6e80c3b2b40b5da901,9Ns5,45911437,45988479,19585.097098
0xc465e47676d4808e16c9d167b08a11aecce97a2b,AE2J,35637045,41238734,16830.245653
0xc4926ab62d78f3a668bb4fd29ca04c06f8cd9f90,9Ns5,42324796,42324136,30215.524835
0xc4dae4a52f975147b7048222602b5ec9e0947236,9Ns5,42324782,42323004,33297.214999
0xc70b8ea6483ad00d24b48f96ae157b096becfe7d,9Ns5,42324796,42324146,32010.257994
0xc78c9c0ace0e8a3c84d906be1cde374ea9e45962,9Ns5,45988554,45988525,36983.738191000004
0xc8e1c15ce5ae9d860a6a4093823f0a63adafc523,AE2J,35672334,40058884,20092.627518
0xcab263f601d7d58ebd4544c3701d2d5c2f7f477c,9Ns5,45911864,45988513,21757.871798
0xcf186e0d509c32402f869bafb690286c75d9c2ae,9Ns5,45872326,45894996,37634.522616
0xcf7d452632551dc67b321a0bad2db0cd0ccf01db,9Ns5,45911419,45988458,20809.002333
0xd31553c7032edd6a1854653b4e7e752183f16a77,9Ns5,42324783,42324328,28518.556098
0xd3abc6684aae3c47b44ecad5f8ce43ad578b861c,9Ns5,45988266,45988554,14034.153667999999
0xd6c696526a2f64cfdf08341ee819bf127b9135a1,9Ns5,45894528,45895899,43859.753091
0xd70ceccf2ef3462078984cac81336327707290af,9Ns5,45871549,45894820,37304.770432
0xd83350c134341e83000d81da157a3f0861d4b729,9Ns5,42324780,42322984,31673.596237
0xd953c6c2c8220393667fc950daa29da2d031a7ec,9Ns5,42324796,42324178,30007.785794
0xd96155cc52ad7d3ff7a39c95fa515b965e358af8,9Ns5,45988292,45988628,29431.345853
0xddde391c2544b526c7481543e577dad6423edede,9Ns5,45872230,45895005,25552.322885
0xe246ba9c679fada74887f96fc48264a1519e3c72,AE2J,35644172,41238083,20136.59469
0xe2867815c595a0b889570f03f01f369b3406470f,9Ns5,45911419,45988447,18416.007378000002
0xe3312316f7eb6d519f910be5c44555e03bc4e3e1,AE2J,35637118,38814737,18694.772136
0xe55c7154097f8832be1e3d83d0e7be49c704830e,9Ns5,45871419,45894874,29673.864449
0xe6668ccc790b0ae310d245c8b166bdd38227d362,AE2J,35685262,40059119,15297.991699
0xe7c1c5522eda5ae252b0574f7a642ae74f8af3a3,9Ns5,45894929,45894885,36418.859895
0xe90312437def98daccd661e2756f260361d42da4,9Ns5,42324799,42324373,31652.425432
0xe9c4f09513a211d341c28c3c102106bf0979c60f,9Ns5,42324796,42324351,31605.045592
0xe9fbcdf15540c9579e0923b54c411de196149311,AE2J,35685236,38837950,25501.482304
0xea5c69cf7d8b71cd4644d089649f946d9ec30b2a,9Ns5,42324778,42319420,31507.442825
0xeb010bace7dbedb1a20d33f28de070367ccc8e46,9Ns5,45872071,45894963,41770.723159
0xec097ecbd4de9bcb4a563dd253ad29276b608645,AE2J,35685399,38837798,28120.846967
0xee1461565dcdc125b8829c331bcee015c084c80d,AE2J,35655288,38814690,26797.418151
0xee9e27520a99c0b74596191798b21edd36c217fc,AE2J,35636970,41238775,20559.075559
0xef5fd1dc06adc5ae89905071c0bf9a0dde5e3b17,AE2J,35685458,38837659,21555.387522
0xf007a22e23fa36e641cb3fc5c9d543476f9737ae,9Ns5,45894645,45895814,35909.311912
0xf2127bcb896968cffd1d2e656c1b0cd5868eaf6d,9Ns5,45894528,45895911,18001.903084
0xf32b50d6526d4741629461ce436bf7a79fb8e188,9Ns5,45895976,45895868,20108.865102
0xf3f56bf1914c904b37fffcef5f13d6343438cf36,9Ns5,45894929,45894830,22038.366842
0xf4075ef364fc3569c3ef4a53735eb1b9d842146a,AE2J,35591519,39975264,17061.05
0xf46b6d0c6dd31ac12f260732940f16b41ebd8737,9Ns5,45988611,45988577,30357.35814
0xf60ddf092eec6fccab4cd86ae7ec3a3916dab7b4,AE2J,35685232,41237750,18026.56577
0xf9e019b835590f11e8b7279141fce5f07320a4c9,9Ns5,45872230,45894919,14898.964249999999
0xf9ec0eba794571dfd4debd024cd8a29fe1dbee74,AE2J,35685360,41237928,17793.297362
0xfa040f8b4f5a81abe71591c14b304ab2db19d5cf,9Ns5,45988346,45988564,35048.430625
0xfa2c55ba9ab39a08a2699fdb1b48432fc4a88ff8,9Ns5,42324803,42319406,32941.403676
0xfa41cd7c7f68200270349ea2e8d3e847d9314a78,9Ns5,42324783,42324189,32786.149549
0xfa86d8e80bd69bd974992db158784b1236337bfe,9Ns5,42324799,42324415,29398.399795
0xfad5b1f2d7f59bde91dd7e2c0b170be6101ae97a,9Ns5,45894897,45895747,31697.377995
0xfc5d6ef1ebdead2a79633dbbeb1392fafee264df,9Ns5,45872071,45894953,28094.054386
0xfcddeea788a40bfd216af7097fbf386282fb6653,9Ns5,45988346,45988597,30210.025552
0xfcfe488c68fad72b25241391e52116aaceeb9766,9Ns5,42324807,42323015,33193.417666
0xff3de15715fe508970c31824ddb455cf61e2ed99,9Ns5,45894961,45895770,43668.424762
