block,time,tx,frm,to,usdc,hop
38908529,2025-12-01 16:26:45,0x433aa1da65cc64ff0be7d75ab7ddc43f4f8838e02340be12989f8bb9db8e3060,0x88eaf31f9fe392002e0e818527f8259af92287b1,0x7a0b16d55da33fa6bf1174532f33bba1914fac4c,66.0,0x88ea -> Safe 0x7a0b
38908565,2025-12-01 16:27:57,0xcd3daf4b206774d20c7a7f298d6ea3dc6ab70f8e56598a6ffdf2cef998f94a45,0x88eaf31f9fe392002e0e818527f8259af92287b1,0x7a0b16d55da33fa6bf1174532f33bba1914fac4c,106000.0,0x88ea -> Safe 0x7a0b
38908682,2025-12-01 16:31:51,0x6c477ad8bd4a64d94fc04f8744472749995adf6a142e444020e70ffdc0b6bf99,0x88eaf31f9fe392002e0e818527f8259af92287b1,0x7a0b16d55da33fa6bf1174532f33bba1914fac4c,4281.0,0x88ea -> Safe 0x7a0b
38955484,2025-12-02 18:31:55,0x35dd35a1bf92210f7172a360bdc28d12da633737396616036651ffb7da08cf5e,0x88eaf31f9fe392002e0e818527f8259af92287b1,0x7a0b16d55da33fa6bf1174532f33bba1914fac4c,384904.0,0x88ea -> Safe 0x7a0b
39506520,2025-12-15 12:39:47,0xc6cb3f94e305b0967e2aea6b89760b434ffde7d67c4d8567b56c1879c54f78f2,0x88eaf31f9fe392002e0e818527f8259af92287b1,0x7a0b16d55da33fa6bf1174532f33bba1914fac4c,85211.669742,0x88ea -> Safe 0x7a0b
39506768,2025-12-15 12:48:03,0x4abbb07edf70432b221f8aa6fcd4b59482389a5907a34bf3330a4d1b5dbeaa04,0x88eaf31f9fe392002e0e818527f8259af92287b1,0x7a0b16d55da33fa6bf1174532f33bba1914fac4c,1.004517,0x88ea -> Safe 0x7a0b
39506813,2025-12-15 12:49:33,0xeaee5b45111fbd06e340b8901d2a5a7c67cc501ca32c10f0b534c11a28d776b6,0x88eaf31f9fe392002e0e818527f8259af92287b1,0x7a0b16d55da33fa6bf1174532f33bba1914fac4c,0.084924,0x88ea -> Safe 0x7a0b
39506847,2025-12-15 12:50:41,0x6c9c61b92e36f24641f77ad36c86550b85e1b1f84bcd3cc7aad8904cbcf11d44,0x88eaf31f9fe392002e0e818527f8259af92287b1,0x7a0b16d55da33fa6bf1174532f33bba1914fac4c,0.466933,0x88ea -> Safe 0x7a0b
39506896,2025-12-15 12:52:19,0x43a8c992964c3197c3ab96cbb4e4c45a057d671cbf0803be531ddfa977034d0d,0x88eaf31f9fe392002e0e818527f8259af92287b1,0x7a0b16d55da33fa6bf1174532f33bba1914fac4c,0.0099,0x88ea -> Safe 0x7a0b
39506962,2025-12-15 12:54:31,0xc7204e27200d166d1d9e87d87473114aec14ac0b4ebd365a9023d0137e0e48f8,0x88eaf31f9fe392002e0e818527f8259af92287b1,0x7a0b16d55da33fa6bf1174532f33bba1914fac4c,0.020482,0x88ea -> Safe 0x7a0b
39507066,2025-12-15 12:57:59,0xf1339a77c02e339a8135b3069d5f36bedc0334ba65ddb5c638134a81722e7279,0x88eaf31f9fe392002e0e818527f8259af92287b1,0x7a0b16d55da33fa6bf1174532f33bba1914fac4c,1.267975,0x88ea -> Safe 0x7a0b
39507301,2025-12-15 13:05:49,0x22af1fcea77b6ef67a762c120f1eb42a65e80e91857e1ca554a6ca088e2a66c8,0x88eaf31f9fe392002e0e818527f8259af92287b1,0x7a0b16d55da33fa6bf1174532f33bba1914fac4c,134.746651,0x88ea -> Safe 0x7a0b
39507478,2025-12-15 13:11:43,0x53e3ae89406d63851c754e652e97434d5732009c74c8fd0367b1698848187d17,0x88eaf31f9fe392002e0e818527f8259af92287b1,0x7a0b16d55da33fa6bf1174532f33bba1914fac4c,1.554225,0x88ea -> Safe 0x7a0b
39507653,2025-12-15 13:17:33,0x7e3b15f2aef0e5c3641ee9cfb72a48cded8c04db6e8de0af62c92ebe2d67513e,0x88eaf31f9fe392002e0e818527f8259af92287b1,0x7a0b16d55da33fa6bf1174532f33bba1914fac4c,1.193554,0x88ea -> Safe 0x7a0b
39958266,2025-12-25 23:37:59,0xbfc2cf1c4dc8811711c009f493d49cfdb74c9663de1da9cf121d62fc7ac23413,0x88eaf31f9fe392002e0e818527f8259af92287b1,0x7a0b16d55da33fa6bf1174532f33bba1914fac4c,62340.861252,0x88ea -> Safe 0x7a0b
40498013,2026-01-07 11:29:33,0x4281fd7bfc966d2fbc4182e9b7f51a2655687d9179e4100cc65eb19fadfab87e,0x88eaf31f9fe392002e0e818527f8259af92287b1,0x7a0b16d55da33fa6bf1174532f33bba1914fac4c,197414.0,0x88ea -> Safe 0x7a0b
40517994,2026-01-07 22:35:35,0xcaafa8e0a4328f7b79cbe31b3e0f2223ec431c6e88760310942f1031c19830f6,0x88eaf31f9fe392002e0e818527f8259af92287b1,0x7a0b16d55da33fa6bf1174532f33bba1914fac4c,2019.536142,0x88ea -> Safe 0x7a0b
40544290,2026-01-08 13:12:07,0x1e0ad186d5355704acd1871d4adb6b4db68b699e545e932ff8b4e1b86266e3f5,0x88eaf31f9fe392002e0e818527f8259af92287b1,0x7a0b16d55da33fa6bf1174532f33bba1914fac4c,2028.014541,0x88ea -> Safe 0x7a0b
40544389,2026-01-08 13:15:25,0x41dbf99ae64dda7a3a5764d9c33a299d3b6fcbd5c598b5275ca4ce513f4b7403,0x88eaf31f9fe392002e0e818527f8259af92287b1,0x7a0b16d55da33fa6bf1174532f33bba1914fac4c,170.152967,0x88ea -> Safe 0x7a0b
40583961,2026-01-09 11:14:29,0xe2aa2cef13a56cd020add9df7f6dfd256b52badb3ac8d8c26cf88b138c1d66f7,0x88eaf31f9fe392002e0e818527f8259af92287b1,0x7a0b16d55da33fa6bf1174532f33bba1914fac4c,2039.244715,0x88ea -> Safe 0x7a0b
40584057,2026-01-09 11:17:41,0xe7c7b4ab9ac89a93ef6d8764317d1f838cb2db6fc5752f999a76fee3c024c709,0x88eaf31f9fe392002e0e818527f8259af92287b1,0x7a0b16d55da33fa6bf1174532f33bba1914fac4c,40.49445,0x88ea -> Safe 0x7a0b
40584107,2026-01-09 11:19:21,0x5f7373023de3862adfdd872aa7ad5abb5ebdfebba7f68b734c537d3b9a5066d4,0x88eaf31f9fe392002e0e818527f8259af92287b1,0x7a0b16d55da33fa6bf1174532f33bba1914fac4c,0.411638,0x88ea -> Safe 0x7a0b
40584163,2026-01-09 11:21:13,0xdaedc53e8cf531fdc10cbb11dc2cfb2e8b7f7d492bf9e694d02589cb2d1d82af,0x88eaf31f9fe392002e0e818527f8259af92287b1,0x7a0b16d55da33fa6bf1174532f33bba1914fac4c,0.929213,0x88ea -> Safe 0x7a0b
40584321,2026-01-09 11:26:29,0x64864e1dfddb374c439e06ecda3cc22e2f83459af12e4832f742d6355ba87954,0x88eaf31f9fe392002e0e818527f8259af92287b1,0x7a0b16d55da33fa6bf1174532f33bba1914fac4c,0.529248,0x88ea -> Safe 0x7a0b
41171577,2026-01-23 01:41:41,0xf033d6c7f43912a996b1e4e4c5442539a499683649a9216b2758cc0b39342cf5,0x88eaf31f9fe392002e0e818527f8259af92287b1,0x7a0b16d55da33fa6bf1174532f33bba1914fac4c,99746.672266,0x88ea -> Safe 0x7a0b
41171976,2026-01-23 01:54:59,0x9f2bcbf39346405e7b551b68a6ab1b980bbea3ee75b330366da23dc4af4bd764,0x88eaf31f9fe392002e0e818527f8259af92287b1,0x7a0b16d55da33fa6bf1174532f33bba1914fac4c,1997.463163,0x88ea -> Safe 0x7a0b
41332896,2026-01-26 19:18:59,0x021a6bbc22d6cf931b4d6f0107720e81ee9370c0d274ec72727c79ba1fe9e890,0x88eaf31f9fe392002e0e818527f8259af92287b1,0x7a0b16d55da33fa6bf1174532f33bba1914fac4c,104985.810613,0x88ea -> Safe 0x7a0b
41404187,2026-01-28 10:55:21,0x26c24252a93b9abb22f07c36a714ccc227971f343f76889fbaeae3e6bb8bfd96,0x88eaf31f9fe392002e0e818527f8259af92287b1,0x7a0b16d55da33fa6bf1174532f33bba1914fac4c,115609.589505,0x88ea -> Safe 0x7a0b
41468016,2026-01-29 22:22:59,0xee97207729b8e7491b88ba6ff9540776bcd07f9cba73c5777ee695606ef93bb8,0x88eaf31f9fe392002e0e818527f8259af92287b1,0x7a0b16d55da33fa6bf1174532f33bba1914fac4c,78451.760614,0x88ea -> Safe 0x7a0b
41486667,2026-01-30 08:44:41,0xd527f3dd4fb4bf6034743512603aa136f8723784cb84b02949ba433c41473b8e,0x88eaf31f9fe392002e0e818527f8259af92287b1,0x7a0b16d55da33fa6bf1174532f33bba1914fac4c,21765.036063,0x88ea -> Safe 0x7a0b
41531905,2026-01-31 09:52:37,0x1012a2372ac7e9e7914ae691cc14043fb514756c244c38ad673ac5220154732a,0x88eaf31f9fe392002e0e818527f8259af92287b1,0x7a0b16d55da33fa6bf1174532f33bba1914fac4c,18159.798952,0x88ea -> Safe 0x7a0b
41573897,2026-02-01 09:12:21,0xdcc9504005b99171ac1ba4a644310b35dbc438fb51e68526181c0cc06fa3ffce,0x88eaf31f9fe392002e0e818527f8259af92287b1,0x7a0b16d55da33fa6bf1174532f33bba1914fac4c,2840.947477,0x88ea -> Safe 0x7a0b
41616425,2026-02-02 08:49:57,0x80e5d6ba2d560e2c80463acd862f9046a38cf13ed6bc38a3f11c5d66ac09996d,0x88eaf31f9fe392002e0e818527f8259af92287b1,0x7a0b16d55da33fa6bf1174532f33bba1914fac4c,18236.446054,0x88ea -> Safe 0x7a0b
41660019,2026-02-03 09:03:05,0x366a3efed9dde41db93a43211e22264988c3af85dc1bf0f7c9d3f0ab71533c12,0x88eaf31f9fe392002e0e818527f8259af92287b1,0x7a0b16d55da33fa6bf1174532f33bba1914fac4c,15357.430194,0x88ea -> Safe 0x7a0b
41704482,2026-02-04 09:45:11,0x1d8f6373317415e2bc2bde3e89fede0d6bd823d6248fe218bbc824457bfa89c4,0x88eaf31f9fe392002e0e818527f8259af92287b1,0x7a0b16d55da33fa6bf1174532f33bba1914fac4c,15958.772489,0x88ea -> Safe 0x7a0b
41746753,2026-02-05 09:14:13,0xc27baa29ce23ce474460b2e8443d174f8b2ffeab403247482b001278f5388fa8,0x88eaf31f9fe392002e0e818527f8259af92287b1,0x7a0b16d55da33fa6bf1174532f33bba1914fac4c,20800.374931,0x88ea -> Safe 0x7a0b
41789824,2026-02-06 09:09:55,0x527522ee48c96a9d182d9027316eaa3b5880c808b0ecfea834fb0f8b979b5310,0x88eaf31f9fe392002e0e818527f8259af92287b1,0x7a0b16d55da33fa6bf1174532f33bba1914fac4c,15104.720477,0x88ea -> Safe 0x7a0b
41833283,2026-02-07 09:18:33,0xcfd1e87b4a0d204b2399b08ad5348fc9d9ea00fd47c3d3faf0fb13cfbbcc7f89,0x88eaf31f9fe392002e0e818527f8259af92287b1,0x7a0b16d55da33fa6bf1174532f33bba1914fac4c,42310.016325,0x88ea -> Safe 0x7a0b
41876271,2026-02-08 09:11:29,0x711283cea89c5f77b50cd84709b08f04a83efc0a1c51dd21182fd98a497d5d2b,0x88eaf31f9fe392002e0e818527f8259af92287b1,0x7a0b16d55da33fa6bf1174532f33bba1914fac4c,19477.70616,0x88ea -> Safe 0x7a0b
41920203,2026-02-09 09:35:53,0x9ed7c10ec85ecb45629d353958794c29abdbf054ff44c1d4d473a8979f6d0f3e,0x88eaf31f9fe392002e0e818527f8259af92287b1,0x7a0b16d55da33fa6bf1174532f33bba1914fac4c,22513.819687,0x88ea -> Safe 0x7a0b
41963967,2026-02-10 09:54:41,0xd452f6435cdf0cef94121245ad0acba932248279ef59eba21863534906359b00,0x88eaf31f9fe392002e0e818527f8259af92287b1,0x7a0b16d55da33fa6bf1174532f33bba1914fac4c,74079.773203,0x88ea -> Safe 0x7a0b
42006861,2026-02-11 09:44:29,0x121360990cb107b36aa8a3ed9e7312132f733a66e04cdd912b84341646446930,0x88eaf31f9fe392002e0e818527f8259af92287b1,0x7a0b16d55da33fa6bf1174532f33bba1914fac4c,24389.562212,0x88ea -> Safe 0x7a0b
42049741,2026-02-12 09:33:49,0x3e8c74c24ecfce22a8155af19a5f45fdc39f1bb7ad2f2ef28b4e6dac33503164,0x88eaf31f9fe392002e0e818527f8259af92287b1,0x7a0b16d55da33fa6bf1174532f33bba1914fac4c,49171.694092,0x88ea -> Safe 0x7a0b
42092395,2026-02-13 09:15:37,0x2ace666ba649a13c1ec36123f27c60f4b795060878b7e7342b3b52c7152c4148,0x88eaf31f9fe392002e0e818527f8259af92287b1,0x7a0b16d55da33fa6bf1174532f33bba1914fac4c,71623.171891,0x88ea -> Safe 0x7a0b
42135759,2026-02-14 09:21:05,0x0e524e812c9d8ce95a04ab4a8816a90a51e9be7cb21b5aa0e5bb2920e4b21073,0x88eaf31f9fe392002e0e818527f8259af92287b1,0x7a0b16d55da33fa6bf1174532f33bba1914fac4c,36265.391601,0x88ea -> Safe 0x7a0b
42178759,2026-02-15 09:14:25,0x340ec02dfa7dee25a17ff7f1b4a1b068b373597cde3d2d7db00a37af4214d11a,0x88eaf31f9fe392002e0e818527f8259af92287b1,0x7a0b16d55da33fa6bf1174532f33bba1914fac4c,81753.206981,0x88ea -> Safe 0x7a0b
42222276,2026-02-16 09:24:59,0x1178a58c6a60d4cbce1cc07e2edca19847275b6c94fe5685bc371c800270d59e,0x88eaf31f9fe392002e0e818527f8259af92287b1,0x7a0b16d55da33fa6bf1174532f33bba1914fac4c,53732.001841,0x88ea -> Safe 0x7a0b
42264351,2026-02-17 08:47:29,0x7d5978f29580a0a17325702b01fb5107f1303d6a97099094a65557c3d0971a43,0x88eaf31f9fe392002e0e818527f8259af92287b1,0x7a0b16d55da33fa6bf1174532f33bba1914fac4c,18666.42226,0x88ea -> Safe 0x7a0b
42308586,2026-02-18 09:21:59,0x7b261140f3f204b40fdfcbdac1cad95e8314af061a42514aef8a4d2391a6fc12,0x88eaf31f9fe392002e0e818527f8259af92287b1,0x7a0b16d55da33fa6bf1174532f33bba1914fac4c,32213.728578,0x88ea -> Safe 0x7a0b
42351228,2026-02-19 09:03:23,0x377219efb35bd2a3190a7c9b504a60b5631c7dee0d84df9c4902cb4230737e23,0x88eaf31f9fe392002e0e818527f8259af92287b1,0x7a0b16d55da33fa6bf1174532f33bba1914fac4c,43018.084455,0x88ea -> Safe 0x7a0b
42395208,2026-02-20 09:29:23,0x129b6ce0a4462a0a210051f6c959b19d727986350cfe04dc963495d6e427ffc1,0x88eaf31f9fe392002e0e818527f8259af92287b1,0x7a0b16d55da33fa6bf1174532f33bba1914fac4c,85612.648336,0x88ea -> Safe 0x7a0b
42438007,2026-02-21 09:16:01,0x9d67c1f27d872f61aa6f8de7993e83b33e13200f8c60186b0a5f162215a4e8a4,0x88eaf31f9fe392002e0e818527f8259af92287b1,0x7a0b16d55da33fa6bf1174532f33bba1914fac4c,44477.719418,0x88ea -> Safe 0x7a0b
42481051,2026-02-22 09:10:49,0x1a9cee560958ac3f2e4537f5a7978f0b768b8f5e020647289f93163ad90d6553,0x88eaf31f9fe392002e0e818527f8259af92287b1,0x7a0b16d55da33fa6bf1174532f33bba1914fac4c,47518.233113,0x88ea -> Safe 0x7a0b
42524987,2026-02-23 09:35:21,0x676aabd07f69adbcd422215c50429a31600d9f723bce4be246ad8715bb5fd5e4,0x88eaf31f9fe392002e0e818527f8259af92287b1,0x7a0b16d55da33fa6bf1174532f33bba1914fac4c,39122.018734,0x88ea -> Safe 0x7a0b
42568758,2026-02-24 09:54:23,0x5c3c837a4c3cc0959e193008ea82de2df5ae8eaae9ea4d983dbfb4782109c177,0x88eaf31f9fe392002e0e818527f8259af92287b1,0x7a0b16d55da33fa6bf1174532f33bba1914fac4c,66078.574344,0x88ea -> Safe 0x7a0b
42611958,2026-02-25 09:54:23,0x35a0635851140fa4c54439783330bef9b26d62748032ae0493ea5a408048ed4b,0x88eaf31f9fe392002e0e818527f8259af92287b1,0x7a0b16d55da33fa6bf1174532f33bba1914fac4c,30532.235022,0x88ea -> Safe 0x7a0b
42654809,2026-02-26 09:42:45,0xaa8129c6211d3811a8322b740216efb9604d4fb9c08f4f9391f6b34b4d4c02a7,0x88eaf31f9fe392002e0e818527f8259af92287b1,0x7a0b16d55da33fa6bf1174532f33bba1914fac4c,29837.454926,0x88ea -> Safe 0x7a0b
42697521,2026-02-27 09:26:29,0x30bd8839f1e3cfa3dc4f85ddd538be9a0edc270c916bb5bd6620c83b1f7599cc,0x88eaf31f9fe392002e0e818527f8259af92287b1,0x7a0b16d55da33fa6bf1174532f33bba1914fac4c,105270.275458,0x88ea -> Safe 0x7a0b
42740700,2026-02-28 09:25:47,0xb1c8f8743e07e255d9b2e5d0cda29fc9adcbe3437b45a10f83df655ff9dc6a0c,0x88eaf31f9fe392002e0e818527f8259af92287b1,0x7a0b16d55da33fa6bf1174532f33bba1914fac4c,34455.723401,0x88ea -> Safe 0x7a0b
42784214,2026-03-01 09:36:15,0x8d40d771a2940fc331480892d48917645ec91ae4bf04c8e62a931382f0407abe,0x88eaf31f9fe392002e0e818527f8259af92287b1,0x7a0b16d55da33fa6bf1174532f33bba1914fac4c,3714.403251,0x88ea -> Safe 0x7a0b
42827350,2026-03-02 09:34:07,0xb626a3f3e2f218157e1748e7a366511b1f91b3041b6bf78ba5675830e7975563,0x88eaf31f9fe392002e0e818527f8259af92287b1,0x7a0b16d55da33fa6bf1174532f33bba1914fac4c,70802.530929,0x88ea -> Safe 0x7a0b
42870870,2026-03-03 09:44:47,0x0ea86f51dcf49660fdea2296968ccbdde7b69d3e6aae2c345b7f6eeb74a32476,0x88eaf31f9fe392002e0e818527f8259af92287b1,0x7a0b16d55da33fa6bf1174532f33bba1914fac4c,51410.62876,0x88ea -> Safe 0x7a0b
42919958,2026-03-04 13:01:03,0xcff370e4c586b290bf00163b8a62a2cb1e92cf287b2da1a8729a34c4e4ea5190,0x88eaf31f9fe392002e0e818527f8259af92287b1,0x7a0b16d55da33fa6bf1174532f33bba1914fac4c,50446.256309,0x88ea -> Safe 0x7a0b
42956774,2026-03-05 09:28:15,0xa3bd6e8925390410f9708b83346b5fcc0450888d364062bab08859db52799924,0x88eaf31f9fe392002e0e818527f8259af92287b1,0x7a0b16d55da33fa6bf1174532f33bba1914fac4c,43711.395016,0x88ea -> Safe 0x7a0b
43000666,2026-03-06 09:51:19,0xd80c978d5845181779bc304cb7e04c10dcfe66c01a647f282699397ee45a3d62,0x88eaf31f9fe392002e0e818527f8259af92287b1,0x7a0b16d55da33fa6bf1174532f33bba1914fac4c,52543.46834,0x88ea -> Safe 0x7a0b
43044314,2026-03-07 10:06:15,0xa9b1367435fae6faf56d5655d867a38530398048ac652161a8901ec33bb3fb7a,0x88eaf31f9fe392002e0e818527f8259af92287b1,0x7a0b16d55da33fa6bf1174532f33bba1914fac4c,36196.036561,0x88ea -> Safe 0x7a0b
43087425,2026-03-08 10:03:17,0x42c94cad9ec77e49fd60c0656eae9bc24258117e90ecc382aa88a0298d0c23a0,0x88eaf31f9fe392002e0e818527f8259af92287b1,0x7a0b16d55da33fa6bf1174532f33bba1914fac4c,55331.539563,0x88ea -> Safe 0x7a0b
43130765,2026-03-09 10:07:57,0x7f220b43b57ff3977646e261c7f2a0aad47d841d96ff513acbe9c477b73633ae,0x88eaf31f9fe392002e0e818527f8259af92287b1,0x7a0b16d55da33fa6bf1174532f33bba1914fac4c,47203.55395,0x88ea -> Safe 0x7a0b
43174087,2026-03-10 10:12:01,0x625c7fb96766ee4a35b9c482c89da0ff72ad2fa183824d43f6a9ae546a2aa2b0,0x88eaf31f9fe392002e0e818527f8259af92287b1,0x7a0b16d55da33fa6bf1174532f33bba1914fac4c,61192.689125,0x88ea -> Safe 0x7a0b
43218438,2026-03-11 10:50:23,0xd39b6d63de152a446544df733b9858fd14085418381d9935b139d2f33efcbbf3,0x88eaf31f9fe392002e0e818527f8259af92287b1,0x7a0b16d55da33fa6bf1174532f33bba1914fac4c,46461.33918,0x88ea -> Safe 0x7a0b
43262556,2026-03-12 11:20:59,0xb694c773e74df96c734f625ce77f4326f34989147e4a33d8144169a997c9f89e,0x88eaf31f9fe392002e0e818527f8259af92287b1,0x7a0b16d55da33fa6bf1174532f33bba1914fac4c,48652.802332,0x88ea -> Safe 0x7a0b
43305988,2026-03-13 11:28:43,0x3c24c98bc01c0962298d9465181aa0ca9f089d46cd6ff810de17a0840ee974a3,0x88eaf31f9fe392002e0e818527f8259af92287b1,0x7a0b16d55da33fa6bf1174532f33bba1914fac4c,16980.991153,0x88ea -> Safe 0x7a0b
43349707,2026-03-14 11:46:01,0x0eef3330ea5f275db936d49e3a3173077ce2a93e2c9038bade00fcdb5ac9a05a,0x88eaf31f9fe392002e0e818527f8259af92287b1,0x7a0b16d55da33fa6bf1174532f33bba1914fac4c,14471.760827,0x88ea -> Safe 0x7a0b
43436274,2026-03-16 11:51:35,0x97c97735aa4763976f66c4706dd4e225b3352102bf7e0df93d31567bdb3f80a4,0x88eaf31f9fe392002e0e818527f8259af92287b1,0x7a0b16d55da33fa6bf1174532f33bba1914fac4c,3225.803388,0x88ea -> Safe 0x7a0b
43479147,2026-03-17 11:40:41,0x00e4aece20e7d6cfeee76db4dd28bab5f910c321a972e6589a149aad0931f705,0x88eaf31f9fe392002e0e818527f8259af92287b1,0x7a0b16d55da33fa6bf1174532f33bba1914fac4c,28271.692187,0x88ea -> Safe 0x7a0b
43609070,2026-03-20 11:51:27,0x97e39543c5843344ffc0c4332b47111e51714e8efed9ccb713e10c814aaa0629,0x88eaf31f9fe392002e0e818527f8259af92287b1,0x7a0b16d55da33fa6bf1174532f33bba1914fac4c,16764.882229,0x88ea -> Safe 0x7a0b
43780949,2026-03-24 11:20:45,0xca09a33e7baa4c98e917d1124e87657194cf636639603fe5d6a4935d46eb809b,0x88eaf31f9fe392002e0e818527f8259af92287b1,0x7a0b16d55da33fa6bf1174532f33bba1914fac4c,309.612269,0x88ea -> Safe 0x7a0b
43823412,2026-03-25 10:56:11,0x5f15836824d49384b6c51360a4dfb48e5a9ee6c64f169c959d892543882f19e2,0x88eaf31f9fe392002e0e818527f8259af92287b1,0x7a0b16d55da33fa6bf1174532f33bba1914fac4c,5771.853937,0x88ea -> Safe 0x7a0b
44083698,2026-03-31 11:32:23,0x883468980ba7a430b93d8cf6f3bfaaf6d837c53dada6add98d58caffeb0f32c2,0x88eaf31f9fe392002e0e818527f8259af92287b1,0x7a0b16d55da33fa6bf1174532f33bba1914fac4c,923.164726,0x88ea -> Safe 0x7a0b
44295707,2026-04-05 09:19:21,0xca9f0bd318e12fbba57a10a9ff08a377561e21f77750e3e8b7352c0519c9b655,0x88eaf31f9fe392002e0e818527f8259af92287b1,0x7a0b16d55da33fa6bf1174532f33bba1914fac4c,270.391849,0x88ea -> Safe 0x7a0b
44382005,2026-04-07 09:15:57,0x2134dd3ea70db09cb8b192e54fd31335588eb9181afe4375617e9e96fdb7e25a,0x88eaf31f9fe392002e0e818527f8259af92287b1,0x7a0b16d55da33fa6bf1174532f33bba1914fac4c,174.875973,0x88ea -> Safe 0x7a0b
44469749,2026-04-09 10:00:45,0x2f84eb64e8f392b4936afd89048c86023387cd71ea3a8cd15baae034ca93c0f6,0x88eaf31f9fe392002e0e818527f8259af92287b1,0x7a0b16d55da33fa6bf1174532f33bba1914fac4c,4707.255729,0x88ea -> Safe 0x7a0b
44558132,2026-04-11 11:06:51,0x61d4e0c618ea3325306eec6b43969580a8dc70c22048cfb0c80126ebee8f65eb,0x88eaf31f9fe392002e0e818527f8259af92287b1,0x7a0b16d55da33fa6bf1174532f33bba1914fac4c,5075.114164,0x88ea -> Safe 0x7a0b
44730167,2026-04-15 10:41:21,0x881b52921b85284299fa84809b0ca7d449c3d60e3ec208bcad3083dca653a981,0x88eaf31f9fe392002e0e818527f8259af92287b1,0x7a0b16d55da33fa6bf1174532f33bba1914fac4c,593.799163,0x88ea -> Safe 0x7a0b
44773596,2026-04-16 10:48:59,0x658909325750e685c7c348fa1fa54dc695253464a18fb52e0421ccb6f2ca44b7,0x88eaf31f9fe392002e0e818527f8259af92287b1,0x7a0b16d55da33fa6bf1174532f33bba1914fac4c,12036.12442,0x88ea -> Safe 0x7a0b
44860200,2026-04-18 10:55:47,0xc2e97bde6ac9f65b6f8d08ce89c55181a66e70ef35c089cdaa4664c9df73587a,0x88eaf31f9fe392002e0e818527f8259af92287b1,0x7a0b16d55da33fa6bf1174532f33bba1914fac4c,15350.867702,0x88ea -> Safe 0x7a0b
45120559,2026-04-24 11:34:25,0xe58146811f136727f974609a8c3f0385b7dd5d7ea1eea9d052c9192ee9e7ea7d,0x88eaf31f9fe392002e0e818527f8259af92287b1,0x7a0b16d55da33fa6bf1174532f33bba1914fac4c,3030.706606,0x88ea -> Safe 0x7a0b
45207153,2026-04-26 11:40:53,0xbf83a9221f62892605acc456c22222cf9021dae52094abaf164d4e4132b15717,0x88eaf31f9fe392002e0e818527f8259af92287b1,0x7a0b16d55da33fa6bf1174532f33bba1914fac4c,32386.844147,0x88ea -> Safe 0x7a0b
45293446,2026-04-28 11:37:19,0xe5eeb176d9c665c6c2f011d4f4b8ed7f83bb2b5dedcbcaa4477d33edfb208f93,0x88eaf31f9fe392002e0e818527f8259af92287b1,0x7a0b16d55da33fa6bf1174532f33bba1914fac4c,10207.255085,0x88ea -> Safe 0x7a0b
45728770,2026-05-08 13:28:07,0x22568839576909ca2f53e00b7ffa79695548d419ae7280f33d02df5a8831751e,0x88eaf31f9fe392002e0e818527f8259af92287b1,0x7a0b16d55da33fa6bf1174532f33bba1914fac4c,20405.887397,0x88ea -> Safe 0x7a0b
45908669,2026-05-12 17:24:45,0xbad9a1f9a804eaf0c130459cb26e0f01253ae073ba1729a52a1ee5c872644ad0,0x88eaf31f9fe392002e0e818527f8259af92287b1,0x7a0b16d55da33fa6bf1174532f33bba1914fac4c,19096.569789,0x88ea -> Safe 0x7a0b
45946888,2026-05-13 14:38:43,0x930b30da45a88c18e7a80da023a2399269e4a170a79231aaf12ed4b517591b13,0x88eaf31f9fe392002e0e818527f8259af92287b1,0x7a0b16d55da33fa6bf1174532f33bba1914fac4c,81698.731843,0x88ea -> Safe 0x7a0b
41106812,2026-01-21 13:42:51,0x4aeb6542c38640122c7eec452ea723f9dc1a76b22a5499a6b85d73fd9f19f842,0x7a0b16d55da33fa6bf1174532f33bba1914fac4c,0xb87f6670c965be9ecda4f5c8bfa7f5576658ed33,100000.0,Safe 0x7a0b -> 0xb87f
41234402,2026-01-24 12:35:51,0xad256b7eb06113980d1a32fc5ac8d56a6f7c31ba9f3d71c156589fb53fc13676,0x7a0b16d55da33fa6bf1174532f33bba1914fac4c,0xb87f6670c965be9ecda4f5c8bfa7f5576658ed33,200000.0,Safe 0x7a0b -> 0xb87f
41333135,2026-01-26 19:26:57,0xbbbfeefc057057209a2b6bfaee9139a87ff99205dd636b5b7dae0a08b0b5af61,0x7a0b16d55da33fa6bf1174532f33bba1914fac4c,0xb87f6670c965be9ecda4f5c8bfa7f5576658ed33,70000.0,Safe 0x7a0b -> 0xb87f
41622425,2026-02-02 12:09:57,0x7461fe5bfb0f6984e6e5bb075a932a677e07e5d6f63b0d4b50c967ccff736559,0x7a0b16d55da33fa6bf1174532f33bba1914fac4c,0xb87f6670c965be9ecda4f5c8bfa7f5576658ed33,200000.0,Safe 0x7a0b -> 0xb87f
41797737,2026-02-06 13:33:41,0xeb7d4fe8f8a5f88e1c21c5ba5db783368e8d7013d8b8c8858f3f1f86ca540bb2,0x7a0b16d55da33fa6bf1174532f33bba1914fac4c,0xb87f6670c965be9ecda4f5c8bfa7f5576658ed33,150000.0,Safe 0x7a0b -> 0xb87f
42063984,2026-02-12 17:28:35,0x50703504548fbc17b35fda28a2cfb428946fcae8727c29f468a6ff71703a0482,0x7a0b16d55da33fa6bf1174532f33bba1914fac4c,0xb87f6670c965be9ecda4f5c8bfa7f5576658ed33,200000.0,Safe 0x7a0b -> 0xb87f
42290038,2026-02-17 23:03:43,0x53c9a8a5db2f81d890ccf60b4a9d28669ae6f8a6356e5840838ae054f4d40989,0x7a0b16d55da33fa6bf1174532f33bba1914fac4c,0xb87f6670c965be9ecda4f5c8bfa7f5576658ed33,200000.0,Safe 0x7a0b -> 0xb87f
42441331,2026-02-21 11:06:49,0xfb0c5305ce47c270a5152ef4d0a281acdac2529ca72556e1b112b870f7eca97e,0x7a0b16d55da33fa6bf1174532f33bba1914fac4c,0xb87f6670c965be9ecda4f5c8bfa7f5576658ed33,200000.0,Safe 0x7a0b -> 0xb87f
42626673,2026-02-25 18:04:53,0xc1ba1be743135f79a155e428a3796301cc07adef34b7c9abc8bc64daa2402942,0x7a0b16d55da33fa6bf1174532f33bba1914fac4c,0xb87f6670c965be9ecda4f5c8bfa7f5576658ed33,200000.0,Safe 0x7a0b -> 0xb87f
42799245,2026-03-01 17:57:17,0xb5bc95abd6127c8eeabade96886b426da89624c5e4538f391fd65360e7fc1091,0x7a0b16d55da33fa6bf1174532f33bba1914fac4c,0xb87f6670c965be9ecda4f5c8bfa7f5576658ed33,200000.0,Safe 0x7a0b -> 0xb87f
42924501,2026-03-04 15:32:29,0xbab936f52468c55c5be81a2cf320e39c3971e90a2a3dfa4f206ec750284962c9,0x7a0b16d55da33fa6bf1174532f33bba1914fac4c,0xb87f6670c965be9ecda4f5c8bfa7f5576658ed33,170000.0,Safe 0x7a0b -> 0xb87f
43008294,2026-03-06 14:05:35,0x94421aaa53f2da282d339fef152808cceb552264811310bd9f06145f0dbe90a8,0x7a0b16d55da33fa6bf1174532f33bba1914fac4c,0xb87f6670c965be9ecda4f5c8bfa7f5576658ed33,98000.0,Safe 0x7a0b -> 0xb87f
43135533,2026-03-09 12:46:53,0xd75b281bf08fac1066a03bf8300f0a27fcc85730592bc57e9e71d271de764854,0x7a0b16d55da33fa6bf1174532f33bba1914fac4c,0xb87f6670c965be9ecda4f5c8bfa7f5576658ed33,120000.0,Safe 0x7a0b -> 0xb87f
43227278,2026-03-11 15:45:03,0x5aaada5e8cd7a7a22502b0303d60578cb0c67c96bda0d045944086f1ba3165cf,0x7a0b16d55da33fa6bf1174532f33bba1914fac4c,0xb87f6670c965be9ecda4f5c8bfa7f5576658ed33,100000.0,Safe 0x7a0b -> 0xb87f
43310576,2026-03-13 14:01:39,0x7e87ac780302c78607e3fce813132f702612899bda384138d3b3d9c27f159f82,0x7a0b16d55da33fa6bf1174532f33bba1914fac4c,0xb87f6670c965be9ecda4f5c8bfa7f5576658ed33,90000.0,Safe 0x7a0b -> 0xb87f
41146369,2026-01-22 11:41:25,0xd4ce8bd303feeb1c083ea9da532f344e64e8e140c5d926c1c683c22678541f7d,0xb87f6670c965be9ecda4f5c8bfa7f5576658ed33,0xfd78ee919681417d192449715b2594ab58f5d002,99987.001689,0xb87f -> CCTP TokenMessengerV2
41237203,2026-01-24 14:09:13,0xa9800e1af3d5828568eb8baba3b55dd5f39d8c98bfae92a7043d8e15bcab2bb6,0xb87f6670c965be9ecda4f5c8bfa7f5576658ed33,0xfd78ee919681417d192449715b2594ab58f5d002,199987.0,0xb87f -> CCTP TokenMessengerV2
41287889,2026-01-25 18:18:45,0x012342b9bb1b793fe6f368a120444cdab797fac1d27cb83a96487880134d0621,0xb87f6670c965be9ecda4f5c8bfa7f5576658ed33,0xfd78ee919681417d192449715b2594ab58f5d002,80015.0,0xb87f -> CCTP TokenMessengerV2
41337789,2026-01-26 22:02:05,0x1896195aa2f4b7f930d01a1017232dca75c20721286b75a86062c1d03660d7d6,0xb87f6670c965be9ecda4f5c8bfa7f5576658ed33,0xfd78ee919681417d192449715b2594ab58f5d002,70000.0,0xb87f -> CCTP TokenMessengerV2
41705916,2026-02-04 10:32:59,0x0bcfecf8f3c8f26b43af40dc02b7fcb4e6d47c59878c21854ccac0c1421a087f,0xb87f6670c965be9ecda4f5c8bfa7f5576658ed33,0xfd78ee919681417d192449715b2594ab58f5d002,100000.0,0xb87f -> CCTP TokenMessengerV2
41755635,2026-02-05 14:10:17,0xc34f3079dd265a6fa2c04193d9d7b0ac04dd2ed10a3e1de6a51478561c3049de,0xb87f6670c965be9ecda4f5c8bfa7f5576658ed33,0xfd78ee919681417d192449715b2594ab58f5d002,99997.0,0xb87f -> CCTP TokenMessengerV2
41878391,2026-02-08 10:22:09,0x975c1cdbdd0a74e7a2d863935f15495f56bf3a73881ed4653800f97742a8cb0d,0xb87f6670c965be9ecda4f5c8bfa7f5576658ed33,0xfd78ee919681417d192449715b2594ab58f5d002,149993.0,0xb87f -> CCTP TokenMessengerV2
42092433,2026-02-13 09:16:53,0x084f1059cfcd645fa219f15befd4fa2154460c72d6517390beecc56366a1d2e6,0xb87f6670c965be9ecda4f5c8bfa7f5576658ed33,0xfd78ee919681417d192449715b2594ab58f5d002,199994.0,0xb87f -> CCTP TokenMessengerV2
42320585,2026-02-18 16:01:57,0x93e61e4fea0b58b29de3f0ea86214f1b5c8773ae7f1fa6199768436b3b5896f3,0xb87f6670c965be9ecda4f5c8bfa7f5576658ed33,0xfd78ee919681417d192449715b2594ab58f5d002,200000.0,0xb87f -> CCTP TokenMessengerV2
42442150,2026-02-21 11:34:07,0xcef824b624647d96ad409e3540756d2f795e0850726022c259371e4116e7f30c,0xb87f6670c965be9ecda4f5c8bfa7f5576658ed33,0xfd78ee919681417d192449715b2594ab58f5d002,200000.0,0xb87f -> CCTP TokenMessengerV2
42631160,2026-02-25 20:34:27,0x8ca46a22203e28b773ac407f6bf680f77e1da585cd64d2897e9d2c084d2af9b4,0xb87f6670c965be9ecda4f5c8bfa7f5576658ed33,0xfd78ee919681417d192449715b2594ab58f5d002,200000.500842,0xb87f -> CCTP TokenMessengerV2
42800143,2026-03-01 18:27:13,0xf32c3c82e9e7310c7a92803fd8bdbcab071a2d0cbf944e78b9090603d23a57e6,0xb87f6670c965be9ecda4f5c8bfa7f5576658ed33,0xfd78ee919681417d192449715b2594ab58f5d002,199999.996884,0xb87f -> CCTP TokenMessengerV2
42925556,2026-03-04 16:07:39,0x0325f4c0aabb4e2746e5f6a058e86cfda519f4b48d262eefe5bed08d28e5cb88,0xb87f6670c965be9ecda4f5c8bfa7f5576658ed33,0xfd78ee919681417d192449715b2594ab58f5d002,17009.0,0xb87f -> CCTP TokenMessengerV2
42925612,2026-03-04 16:09:31,0xfcfdf72fb248de8eaf1b225c09268085845fe91aa146c8a145d2ec971520bafd,0xb87f6670c965be9ecda4f5c8bfa7f5576658ed33,0xfd78ee919681417d192449715b2594ab58f5d002,152997.0,0xb87f -> CCTP TokenMessengerV2
43013635,2026-03-06 17:03:37,0x87562dabd23c7c746c3606d756a2a69fed9241ff2aa99911c689c57fae364ecb,0xb87f6670c965be9ecda4f5c8bfa7f5576658ed33,0xfd78ee919681417d192449715b2594ab58f5d002,98005.0,0xb87f -> CCTP TokenMessengerV2
43135912,2026-03-09 12:59:31,0x7ff86483be1573efd93c91faa9c45c4c9834cfb90cf5c5943a2f70ad719913bb,0xb87f6670c965be9ecda4f5c8bfa7f5576658ed33,0xfd78ee919681417d192449715b2594ab58f5d002,119999.0,0xb87f -> CCTP TokenMessengerV2
43230162,2026-03-11 17:21:11,0xdb9a066ba5f85bf8e59d210d4036f5cee8c25d798fabf239d938b7e84f0b9711,0xb87f6670c965be9ecda4f5c8bfa7f5576658ed33,0xfd78ee919681417d192449715b2594ab58f5d002,100003.0,0xb87f -> CCTP TokenMessengerV2
43315962,2026-03-13 17:01:11,0xfbbdc92eec78a60e572e27961d4326e787b8137cbeb5b0ec65f350875a6bf31a,0xb87f6670c965be9ecda4f5c8bfa7f5576658ed33,0xfd78ee919681417d192449715b2594ab58f5d002,90001.303959,0xb87f -> CCTP TokenMessengerV2
