day,fills,contracts,usdc,fee_fill_share,addresses,top10_share,self_share,reciprocal_share,flat_share
2025-02-07 00:00:00+00:00,60,3164.288354,1449.96073,0.0,13,0.9974545442453694,0.13889197058935293,0.3467348453288274,0.40864944984087886
2025-02-10 00:00:00+00:00,6,588.197854,285.927858,0.0,7,1.0,0.0,0.0,0.21251352610341212
2025-02-11 00:00:00+00:00,29,9483.353579,4051.612846,0.0,7,1.0,0.0,0.6992640699050329,0.2679158505305795
2025-02-12 00:00:00+00:00,19,2927.240667,1197.547352,0.0,8,1.0,0.08198847559943385,0.5468619587881669,0.19945515911350242
2025-02-13 00:00:00+00:00,21,3153.5403859999997,929.527776,0.0,10,1.0,0.0010808322021597222,0.040988617293071836,0.2669450834488219
2025-02-14 00:00:00+00:00,14,4752.6,1074.37,0.0,7,1.0,0.022934814627782685,0.6587972899044733,0.18284728359213903
2025-02-16 00:00:00+00:00,23,3809.249991,1641.729998,0.0,5,1.0,0.0,0.5006234834955992,0.4465774096001041
2025-02-17 00:00:00+00:00,45,3010.473049,1504.360448,0.0,12,0.9979195444044648,0.0719786061768527,0.16678810832297206,0.6407180162734617
2025-02-18 00:00:00+00:00,96,10158.180589,3867.011371,0.0,14,0.9995231581130536,0.002029623299109868,0.0835757939683937,0.31144939202261707
2025-02-19 00:00:00+00:00,53,15215.710474,5628.504376,0.0,14,0.994043026735105,0.010515447193438757,0.4020186905141555,0.3411851542108937
2025-02-20 00:00:00+00:00,58,21492.053092000002,4941.906102,0.0,10,1.0,0.0,0.7625921190889268,0.33057766666529503
2025-02-21 00:00:00+00:00,66,17044.589709,9155.345466,0.0,18,0.996738253783214,0.0,0.8193333328302999,0.26884584913653786
2025-02-22 00:00:00+00:00,6,331.923075,171.32307600000001,0.0,4,1.0,0.46697566898595405,0.0,0.0
2025-02-23 00:00:00+00:00,17,9403.307688,3159.187691,0.0,5,1.0,0.0,0.6286085913729381,0.1756296884879728
2025-02-24 00:00:00+00:00,11,1941.655227,875.155236,0.0,6,0.9999999999999999,0.0009555177326031014,0.0,0.03252786237316889
2025-02-25 00:00:00+00:00,20,10686.488263,3092.221617,0.0,8,1.0,0.0,0.7506196671522981,0.27762157347535754
2025-02-26 00:00:00+00:00,13,11653.568502,7707.979637,0.0,8,1.0000000000000002,0.0,0.9440026887997436,0.7946966887791157
2025-02-27 00:00:00+00:00,30,13450.581437,1348.796124,0.0,11,0.9998723237721697,0.0,0.05964061879089458,0.2795569408365049
2025-02-28 00:00:00+00:00,64,313907.137164,101405.171886,0.0,11,0.9999999840717226,1.685942233685198e-05,0.6002274602076432,0.5123894303412035
2025-03-01 00:00:00+00:00,10,2107.0,980.4701,0.0,4,1.0,0.5272899857617466,0.14333175130517323,0.2823920265780731
2025-03-02 00:00:00+00:00,5,2301.5,1036.788,0.0,4,1.0,0.0,0.0,0.10895068433630241
2025-03-03 00:00:00+00:00,6,814.3333299999999,580.883333,0.0,7,1.0000000000000002,0.0012279983676954497,0.0,0.4911993470781799
2025-03-04 00:00:00+00:00,19,2124.844409,801.6644229999999,0.0,8,1.0,0.0,0.7059340409333473,0.14118680818666945
2025-03-05 00:00:00+00:00,29,2964.524949,1445.981367,0.0,11,0.9996626778262273,0.0033732217377267213,0.0,0.09171344369751837
2025-03-06 00:00:00+00:00,37,3925.521823,1763.294047,0.0,13,0.9986944410880683,0.02547432023281354,0.0,0.1301737763896772
2025-03-07 00:00:00+00:00,35,10185.225014,2266.009392,0.0,13,0.9984185467696728,0.0,0.192141066820814,0.13254493623306024
2025-03-08 00:00:00+00:00,68,6654.614618,2529.141157,0.0,10,1.0,0.027416955071522073,0.5304631483018811,0.31378856656128606
2025-03-09 00:00:00+00:00,63,5033.786619,1921.370339,0.0,12,0.989966787664505,0.05959728186881256,0.2194794065822916,0.30815666990035356
2025-03-10 00:00:00+00:00,91,7927.6287170000005,4084.645237,0.0,11,0.9993692943781188,0.0,0.43029129715485387,0.49085820898188764
2025-03-11 00:00:00+00:00,110,10842.466121,5405.349139,0.0,12,0.9948741437713733,0.0,0.019025070929248607,0.5352856949913821
2025-03-12 00:00:00+00:00,160,21103.43979,6991.275856,0.0,14,0.9942115967010322,0.004738563996917016,0.3078290992674233,0.4137359715944203
2025-03-13 00:00:00+00:00,120,32289.930237,6719.333433,0.0,20,0.9927111396100103,0.012418732312419396,0.18107664637504123,0.2485413765095091
2025-03-14 00:00:00+00:00,82,50212.861487,38131.779932,0.0,15,0.9928193575147405,0.05219778204989515,0.7863554157777409,0.25202914974834445
2025-03-15 00:00:00+00:00,35,5698.346116,2522.282441,0.0,9,0.9999999999999999,0.0,0.10529370940022416,0.558262970823726
2025-03-16 00:00:00+00:00,94,17077.429861,6128.035417,0.0,9,0.9999999999999998,0.011711364158885712,0.5469935985702831,0.6614181530205143
2025-03-17 00:00:00+00:00,89,14189.094976,5761.928334,0.0,9,1.0000000000000002,0.0,0.40273098148018205,0.433127601189157
2025-03-18 00:00:00+00:00,121,23026.304215,7132.752957,0.0,10,1.0,0.004342859325851219,0.6319018880381799,0.5777210145314672
2025-03-19 00:00:00+00:00,69,24342.665297,10814.857847,0.0,12,0.9999269577928996,0.06096292176283954,0.6342217329793655,0.6144270482100118
2025-03-20 00:00:00+00:00,83,15941.008025,7153.664394,0.0,13,0.9961034973508208,0.018819387050650456,0.5054494519018975,0.4542431229345047
2025-03-21 00:00:00+00:00,35,4573.487531,1209.570277,0.0,10,1.0,0.1532482529468604,0.4272769090883961,0.47518667532582365
2025-03-22 00:00:00+00:00,38,6252.51251,3131.31339,0.0,8,1.0,0.11244266666809116,0.13422180581930576,0.3886925139474851
2025-03-23 00:00:00+00:00,51,4709.020607,2168.921884,0.0,9,1.0000000000000002,0.042684034914014124,0.39195559905945426,0.5696309761338871
2025-03-24 00:00:00+00:00,62,10688.977381,3866.718641,0.0,14,0.9761722813678392,0.010290975093232822,0.08988179886204588,0.4231487824120413
2025-03-25 00:00:00+00:00,52,6550.762774,2869.405886,0.0,10,0.9999999999999999,0.06106159142071232,0.5035280921928253,0.6546690351879929
2025-03-26 00:00:00+00:00,144,19096.330118,10752.201375,0.0,18,0.9844489526435196,0.006598126405514624,0.4394386424064854,0.563241823116665
2025-03-27 00:00:00+00:00,101,20056.384482999998,11019.341948,0.0,13,0.9911116148999285,0.016991019806628028,0.6490563294712444,0.8136815677737226
2025-03-28 00:00:00+00:00,57,16935.18425,7110.703413,0.0,16,0.9892925904836259,0.014525971277814709,0.13938376129565877,0.6568310892159324
2025-03-29 00:00:00+00:00,24,6349.0,1699.89,0.0,5,1.0,0.00015750511891636477,0.0,0.38313120176405735
2025-03-30 00:00:00+00:00,26,10525.884275,5961.242775,0.0,8,1.0,0.0,0.46618411069316074,0.7663014136643641
2025-03-31 00:00:00+00:00,67,36295.748281,15867.365013,0.0,11,0.999972420984622,0.002782695075413866,0.7150500125268378,0.4619075877346286
2025-04-01 00:00:00+00:00,107,14955.528986,6020.842425,0.0,12,0.9883878830924291,0.0066864903336826716,0.405113267853754,0.7223482656556566
2025-04-02 00:00:00+00:00,114,23240.124559,10667.458153,0.0,20,0.9617547271640678,0.012908708782450205,0.21533980152709387,0.5642901971418819
2025-04-03 00:00:00+00:00,111,69016.026574,38412.531729,0.0,16,0.9978626435000307,0.0034774531643410166,0.8791778607239992,0.15085005562203868
2025-04-04 00:00:00+00:00,108,33031.557006999996,19172.348701,0.0,14,0.9972436728767979,0.0,0.7911547975610693,0.33727760067861945
2025-04-05 00:00:00+00:00,46,22645.27955,9189.250017,0.0,11,0.9981787963178402,0.040184975327451855,0.6929302358733744,0.7125608557568016
2025-04-06 00:00:00+00:00,37,14942.927699,3882.436824,0.0,12,0.9964866322679515,0.07361341914768238,0.23843721068384993,0.6370644712171809
2025-04-07 00:00:00+00:00,136,45441.77921,20443.798618,0.007352941176470588,17,0.9915289829383421,0.04621297925627591,0.20172471587518193,0.7024849321255263
2025-04-08 00:00:00+00:00,161,39729.433712,14334.741065,0.0,14,0.9993891956357616,0.0031234888697272856,0.599913570321065,0.650420768222401
2025-04-09 00:00:00+00:00,181,57305.542271,25395.690126,0.0,15,0.9978580346483847,0.12215223384322488,0.6007473977856707,0.7322479633568565
2025-04-10 00:00:00+00:00,171,42179.919299,25510.873784,0.0,15,0.9990419998977816,0.05215752036899126,0.7693296968154543,0.6881970778613651
2025-04-11 00:00:00+00:00,112,49248.492478,24681.945092,0.0,11,0.9998984740496933,0.00013117560913942418,0.9105482457362946,0.672586683974071
2025-04-12 00:00:00+00:00,47,17102.115822,5899.981138,0.0,7,1.0,0.00584722972530457,0.6725551353829441,0.6959406680949561
2025-04-13 00:00:00+00:00,37,16206.625984,7465.045828,0.0,8,1.0,0.0,0.29668359131301836,0.8724024974697657
2025-04-14 00:00:00+00:00,36,5626.791327,3287.2653530000002,0.0,9,1.0000000000000002,0.0,0.10734359315969708,0.6239490868718331
2025-04-15 00:00:00+00:00,44,7770.158391,2769.53951,0.0,14,0.9977188937975151,0.0,0.40177598613896776,0.6256630447367673
2025-04-16 00:00:00+00:00,87,19930.112714,6303.152621,0.0,14,0.9828483994092078,0.0,0.423424751535502,0.6588571277761014
2025-04-17 00:00:00+00:00,63,16020.583725999999,6718.731519,0.0,10,1.0,0.0,0.23571373200786958,0.6222047525223864
2025-04-18 00:00:00+00:00,67,19666.573634,12312.314417,0.0,13,0.9912138146320887,0.030424640465361096,0.18791580403262836,0.4991324883623599
2025-04-19 00:00:00+00:00,39,56330.910212,11245.12012,0.0,9,1.0000000000000002,0.0,0.6402094906202579,0.5724787093113624
2025-04-20 00:00:00+00:00,20,11815.960563,4751.06913,0.0,9,1.0000000000000002,0.08463129126643819,0.7619546254404674,0.8766049210535097
2025-04-21 00:00:00+00:00,58,25998.363969,18224.742249,0.0,13,0.9958651244313611,0.0,0.05447778674415095,0.7470027010029202
2025-04-22 00:00:00+00:00,116,47998.486639,30639.993320999998,0.0,17,0.9857649609009791,0.004375137940898529,0.5284526029908273,0.5824566370866407
2025-04-23 00:00:00+00:00,100,30328.807882,15941.797241,0.0,20,0.9834902776611549,0.0,0.5124319388505796,0.6676553420854301
2025-04-24 00:00:00+00:00,74,23063.022191,14024.295748,0.0,17,0.9933753486323391,0.0,0.22756752439184263,0.7682923855232916
2025-04-25 00:00:00+00:00,73,18963.862465,11499.931291,0.0,12,0.9992336287226917,0.001091549732455835,0.644547641840325,0.5503610339804266
2025-04-26 00:00:00+00:00,33,9909.306242999999,3334.613319,0.0,9,1.0,0.0,0.9043839214607671,0.6741430305193162
2025-04-27 00:00:00+00:00,48,14785.450877,8110.692398,0.0,10,1.0,0.0,0.780187908773504,0.6957719137941715
2025-04-28 00:00:00+00:00,44,10293.533709,6443.005567,0.0,9,1.0000000000000002,3.393878233424844e-05,0.3431270639267307,0.44610988410957564
2025-04-29 00:00:00+00:00,96,26969.099459,18192.363211,0.0,15,0.9972950977057689,0.007601292001301451,0.36749113670136213,0.6791750616050853
2025-04-30 00:00:00+00:00,142,63160.296012,46694.541252,0.0,15,0.9960508497624424,2.4565290189666248e-05,0.3354391640117509,0.7064983257919186
2025-05-01 00:00:00+00:00,170,31645.693819,13492.301447,0.0,15,0.9954897400633289,1.494042136362111e-07,0.46981257911537905,0.3862395207041234
2025-05-02 00:00:00+00:00,94,23105.311918,14704.546943,0.0,15,0.9944705911587167,0.004977210453082445,0.0,0.5995913206524321
2025-05-03 00:00:00+00:00,59,15407.989999,7686.207761,0.0,8,1.0000000000000002,0.0112539013856612,0.5013353461743768,0.36129209587761235
2025-05-04 00:00:00+00:00,44,20178.311677,12361.044215,0.0,8,1.0,0.0,0.36920829251001164,0.490549999744659
2025-05-05 00:00:00+00:00,60,9017.611628999999,4831.947611,0.0,13,0.9965455457851146,0.00011089410823416601,0.6014112938240845,0.48781576918364317
2025-05-06 00:00:00+00:00,99,19178.098527000002,8201.342923,0.0,15,0.999485185119573,0.007508565033038533,0.21867001012096737,0.36982505802203086
2025-05-07 00:00:00+00:00,84,26383.674161,20857.997383,0.0,14,0.998630233367822,0.0,0.27992803189319226,0.5379846153111382
2025-05-08 00:00:00+00:00,81,15933.115214,5235.803447,0.0,17,0.9734791485328176,1.1262769244417515e-05,0.6339785706893213,0.49966933324530466
2025-05-09 00:00:00+00:00,68,6223.693887,3373.669209,0.0,15,0.9940574282457474,0.01606762829529247,0.7008497461790412,0.533949779316966
2025-05-10 00:00:00+00:00,34,10204.551008,3758.724948,0.0,8,1.0,0.00979954923265155,0.5049358851712841,0.4240850477994886
2025-05-11 00:00:00+00:00,32,6984.267008,4848.241709,0.0,8,1.0,0.0,0.12256117915015428,0.6377727088465859
2025-05-12 00:00:00+00:00,117,28398.533829,13117.878958,0.0,17,0.9977969989444977,0.0,0.6815897723999362,0.5159657692974625
2025-05-13 00:00:00+00:00,76,9469.330311,6224.327748,0.0,12,0.9995479495529872,0.0,0.5123055499885392,0.523793403398155
2025-05-14 00:00:00+00:00,25,8997.432515,5829.777487,0.0,10,1.0,0.0,0.02834141846297582,0.48301606138804143
2025-05-15 00:00:00+00:00,64,6489.391909,3000.9837509999998,0.0,12,0.9985026545420188,0.004931124587439368,0.4017395804658282,0.47346923511258077
2025-05-16 00:00:00+00:00,159,22692.448991,11092.459219,0.0,13,0.9969842848814098,0.0,0.2793855091407044,0.26298216007301983
2025-05-17 00:00:00+00:00,32,10229.392175,4177.313177,0.0,6,1.0,0.0,0.1955150380183757,0.25338522491440213
2025-05-18 00:00:00+00:00,55,11852.092539000001,4308.65074,0.0,9,1.0,0.021093321637285604,0.40811380126197644,0.19789026805032775
2025-05-19 00:00:00+00:00,177,16032.534753,5562.364833,0.0,10,1.0,0.0043037486625181805,0.26544630319317797,0.4286448015784944
2025-05-20 00:00:00+00:00,316,38708.636106,16555.66619,0.0,13,0.9863139900990239,0.038570204228109674,0.24302070285400412,0.5835394636650286
2025-05-21 00:00:00+00:00,142,26026.946758,19063.984367,0.0,16,0.9966343585433017,0.003995858637088622,0.1454654527172411,0.3203675874288658
2025-05-22 00:00:00+00:00,82,11935.722851,4957.7476,0.0,12,0.9978367735392047,0.0,0.45468220976204365,0.46036798990683936
2025-05-23 00:00:00+00:00,92,24567.735925,9764.047038,0.0,15,0.9864504189756754,0.0020351895735382054,0.23223063649077383,0.4965022111820831
2025-05-24 00:00:00+00:00,59,17322.122051,7823.128253999999,0.0,11,0.9999078794159687,0.03636967792659274,0.7578170827656872,0.7667575745567065
2025-05-25 00:00:00+00:00,46,13366.079294,7238.945293,0.0,11,0.999962516906493,0.0,0.0,0.6142444217494255
2025-05-26 00:00:00+00:00,94,33151.14072,16809.006351,0.0,14,0.9871801839764865,0.021755263449046106,0.2558572175732962,0.6572394999776043
2025-05-27 00:00:00+00:00,166,24993.308601,9282.86117,0.0,13,0.9919497032500953,0.016004283641902286,0.10951265563497613,0.4600896471161849
2025-05-28 00:00:00+00:00,109,32340.400155,13296.116546,0.0,21,0.9747959556903013,0.0033401817999242998,0.07847800236966487,0.4646154464380344
2025-05-29 00:00:00+00:00,167,43435.660194,14785.36285,0.0,14,0.9897431785654881,0.0011511278929957826,0.3975272695955285,0.42084919703891355
2025-05-30 00:00:00+00:00,211,35658.484454,14453.09827,0.0,18,0.9781222792570904,0.01963067165411954,0.29884023990830716,0.37524829909026064
2025-05-31 00:00:00+00:00,130,29768.577387,17122.749803,0.0,14,0.9964279861406332,0.0,0.5984162683830303,0.38260300201560316
2025-06-01 00:00:00+00:00,115,20154.656295,8545.078835,0.0,11,0.9987779230943218,0.0,0.868683431051286,0.5307500572537052
2025-06-02 00:00:00+00:00,149,108714.965453,23042.53201,0.0,17,0.991799692358037,0.0,0.1313441704782878,0.1963968080938282
2025-06-03 00:00:00+00:00,88,23767.926792,12375.862992,0.0,20,0.9659330890495449,0.005770303325158441,0.2122666263722309,0.4440633719913892
2025-06-04 00:00:00+00:00,86,14402.111569,6775.646896,0.0,13,0.9960774151950329,0.0,0.3666129077464585,0.3887756300994116
2025-06-05 00:00:00+00:00,118,27616.840464,10839.788653,0.0,16,0.9894308614564185,0.004308965037297541,0.56249990505793,0.3925431460608809
2025-06-06 00:00:00+00:00,137,22113.569723,7946.29239,0.0,15,0.9786242361626328,0.0012209697637336995,0.15831907936413636,0.34847264991708365
2025-06-07 00:00:00+00:00,110,16786.545107,7026.583335,0.0,14,0.9933254201930282,0.04765721563911322,0.5221385717031808,0.3605341183026554
2025-06-08 00:00:00+00:00,84,13518.966433,9372.067613,0.0,10,1.0,0.00014868000523276392,0.53170664825779,0.48803873895971234
2025-06-09 00:00:00+00:00,235,25015.04707,10671.442537,0.0,16,0.9670041634664811,0.011216106298535939,0.35956962790556124,0.553736246177689
2025-06-10 00:00:00+00:00,107,25204.577522,17231.854465,0.0,18,0.9888620144394421,0.00012347360305022296,0.7252555641547405,0.5900567712162107
2025-06-11 00:00:00+00:00,168,43759.37007,24973.099353,0.0,20,0.996282077992902,2.2852248521867264e-05,0.3947567948845476,0.5267456482606538
2025-06-12 00:00:00+00:00,157,26450.538526,15231.030411,0.0,16,0.9917695208819282,0.00022683848172324353,0.6108828664912453,0.42387448017284274
2025-06-13 00:00:00+00:00,167,36362.700684,19112.498719,0.0,17,0.9981705852769822,0.0030586764708854203,0.2487960164625708,0.569484956273112
2025-06-14 00:00:00+00:00,72,16518.853265,10273.108043,0.0,12,0.9997828893178922,0.0003632213388996406,0.9102644138657768,0.267142928459205
2025-06-15 00:00:00+00:00,92,31848.523201,6413.378316,0.0,9,0.9999999999999999,0.00470979451867615,0.397289474401837,0.14651286077068362
2025-06-16 00:00:00+00:00,132,39191.161661,12086.649206,0.0,18,0.998190480557493,0.0,0.11563806245911523,0.17187928077424897
2025-06-17 00:00:00+00:00,153,49064.112284999996,26506.330783,0.0,16,0.997354038237849,0.0009581341190263829,0.4628159513229844,0.5253710016043757
2025-06-18 00:00:00+00:00,137,29543.489381,22273.193925,0.0,16,0.993759708657889,0.0,0.5038819504365574,0.42883327721091175
2025-06-19 00:00:00+00:00,84,11552.035639,4484.816843,0.0,17,0.9962841162508986,0.0,0.7340722272679963,0.3862895438908367
2025-06-20 00:00:00+00:00,177,44144.568622,29877.87804,0.0,23,0.9874112484423953,0.0034205793535548846,0.5895893414627011,0.5135534741119165
2025-06-21 00:00:00+00:00,104,17878.739104,9132.785931,0.0,9,0.9999999999999998,0.01689157150531011,0.8125300642565939,0.5493684993033164
2025-06-22 00:00:00+00:00,102,24728.63319,13899.791451,0.0,10,1.0,0.0,0.7947496409525577,0.33855957958426897
2025-06-23 00:00:00+00:00,112,14761.062966,8982.783968,0.0,19,0.9757447821796656,0.0,0.3212688687070262,0.44658903231996416
2025-06-24 00:00:00+00:00,105,22664.872596,9860.275884,0.0,15,0.9910760627864419,0.006353444052688555,0.4876304447416361,0.46989605714261035
2025-06-25 00:00:00+00:00,100,24388.185393,7398.376858,0.0,15,0.9965575538668777,0.08802076195534193,0.1641565857601319,0.43457515365378624
2025-06-26 00:00:00+00:00,136,33840.497636,14710.95834,0.0,15,0.9986857440018054,0.002955334790751066,0.3366107879832716,0.3234164545753313
2025-06-27 00:00:00+00:00,194,28032.620382,12931.050661,0.0,20,0.9829625872290314,7.168470063149444e-05,0.6753296412188399,0.4656715326149848
2025-06-28 00:00:00+00:00,113,20196.84008,13564.362793,0.0,10,0.9999999999999998,0.0050502949766387415,0.47227882986733044,0.4753684240688407
2025-06-29 00:00:00+00:00,107,69613.924414,40792.201178,0.0,12,0.9999531447188555,0.05745976876998998,0.8497953781370624,0.3067744667574747
2025-06-30 00:00:00+00:00,143,35414.543851,24496.0078,0.0,18,0.9905821899357719,0.0,0.5731636718632148,0.3918139678681245
2025-07-01 00:00:00+00:00,354,61700.925111,20404.851645,0.0,43,0.9404367298401365,0.012447139141242495,0.3811803068380091,0.475550254509376
2025-07-02 00:00:00+00:00,271,78275.161572,32694.292194,0.007380073800738007,47,0.9035591394652536,0.10910229795111485,0.41987263544348197,0.48543661145366734
2025-07-03 00:00:00+00:00,273,82037.108882,31791.833275,0.0,38,0.9663015820928501,0.0,0.36686056121613875,0.4614381074112412
2025-07-04 00:00:00+00:00,112,22481.74751,8176.539477,0.125,36,0.9420332617862409,0.006938962370723644,0.1738036599807005,0.47995616551606757
2025-07-05 00:00:00+00:00,59,10140.675056,2603.802965,0.03389830508474576,27,0.9628188283898405,0.007100119035704559,0.10960611535840144,0.6616833670288942
2025-07-06 00:00:00+00:00,125,21237.488285,6144.819719,0.008,32,0.9567866507713061,0.0,0.5216101758993861,0.5260010781920015
2025-07-07 00:00:00+00:00,266,36281.075214,17024.671558000002,0.09774436090225563,72,0.8085875415753879,5.512515790128094e-05,0.3773415097884756,0.5261776308557006
2025-07-08 00:00:00+00:00,275,20829.033218,8924.736235,0.46545454545454545,106,0.7997962372830472,0.002928604480177463,0.23421553827971814,0.49999260815428215
2025-07-09 00:00:00+00:00,405,120586.978983,46528.731661,0.6790123456790124,116,0.937034158986018,0.0004146384661236837,0.2073019486168912,0.3659179923125913
2025-07-10 00:00:00+00:00,349,39739.345292,14263.135271,0.7908309455587392,80,0.8732541760944922,2.5163977731694335e-07,0.13605027718180354,0.3957229702439457
2025-07-11 00:00:00+00:00,260,31995.328077,11327.185018,0.8153846153846154,84,0.7687426645792416,0.0,0.05371846776703393,0.36427335983087755
2025-07-12 00:00:00+00:00,93,11851.759694,4586.3124339999995,0.8064516129032258,49,0.8545539370940268,0.006436175046530605,0.3074446912591949,0.3181255689742641
2025-07-13 00:00:00+00:00,164,19691.96241,10255.732227,0.8902439024390244,54,0.8062517370761122,0.00761732106109581,0.1518346768974967,0.38380310979884713
2025-07-14 00:00:00+00:00,289,19731.562972,8740.495052,0.9273356401384083,81,0.7368319739359367,0.0,0.029445349505483664,0.39239976146274846
2025-07-15 00:00:00+00:00,373,51744.202485,32952.712963,0.8954423592493298,88,0.7865965345160927,0.0142044898694316,0.07114583544054404,0.271675256731904
2025-07-16 00:00:00+00:00,415,51706.200033,26634.616199,0.9542168674698795,103,0.6809825861700836,1.4878293115893573e-07,0.04322198219118161,0.30992527967192457
2025-07-17 00:00:00+00:00,416,38587.257973,19148.320682999998,0.9615384615384616,95,0.7851556202101533,0.0,0.10351547479209115,0.28891529474057764
2025-07-18 00:00:00+00:00,759,53323.194736,19991.175714,0.9934123847167325,95,0.8375074360435821,0.116152342609332,0.24211693642736282,0.27686854277192685
2025-07-19 00:00:00+00:00,463,25887.912638,12592.14618,0.9762419006479481,65,0.8277211830144463,0.003862806607791674,0.11804045033412476,0.285159094583159
2025-07-20 00:00:00+00:00,717,36200.534697,16133.791409,0.9260808926080892,117,0.7556074909928561,0.0015850594605928618,0.3749982830536753,0.4167217860942304
2025-07-21 00:00:00+00:00,478,33779.075378,15201.967431000001,0.9937238493723849,84,0.8223566325350591,2.960412589183216e-07,0.4481351515281254,0.3437598850341154
2025-07-22 00:00:00+00:00,632,59101.10925,22224.048468,0.9778481012658228,84,0.7949332370864088,0.00870653870172496,0.33834930045750367,0.23965526148732985
2025-07-23 00:00:00+00:00,825,51682.801555,21578.733389,0.9890909090909091,103,0.8140086851373471,0.0009674398154827349,0.2242809545002035,0.3290825510087811
2025-07-24 00:00:00+00:00,805,78988.132289,31971.253469,0.9937888198757764,103,0.8421411087316412,0.0,0.31141912730636384,0.2948947573639976
2025-07-25 00:00:00+00:00,1109,109855.179651,33694.247778,0.9891794409377818,112,0.8074409858169358,6.58885636798839e-07,0.4870771797833287,0.27508037810327246
2025-07-26 00:00:00+00:00,302,27818.197816,10685.985759000001,0.9768211920529801,79,0.7090699683339976,0.005429761410105575,0.2923085853290993,0.33239760413888636
2025-07-27 00:00:00+00:00,631,47516.611974,25139.716364,0.9809825673534073,84,0.7929620129191243,0.0,0.25506357363255727,0.2215903851112396
2025-07-28 00:00:00+00:00,903,63322.202746,27754.285742,0.9955703211517165,103,0.7716586452148751,0.0009136900406335716,0.39677358745368496,0.25678095077839225
2025-07-29 00:00:00+00:00,654,40541.988273,19503.455175,0.9938837920489296,119,0.7785045130364174,0.0,0.4001739751329536,0.3060057076249058
2025-07-30 00:00:00+00:00,968,121928.377439,43664.892732,0.9855371900826446,141,0.8602587667909858,0.0022522829038497563,0.2599923767693828,0.22433463707154153
2025-07-31 00:00:00+00:00,1052,57783.042505,28242.675533,0.9876425855513308,281,0.7415490715773967,9.616194923483286e-06,0.4071580430013565,0.29324796909982304
2025-08-01 00:00:00+00:00,1078,80717.093551,37781.248525,0.9666048237476809,277,0.7714349195459673,0.0,0.4095912656482217,0.23733708445406065
2025-08-02 00:00:00+00:00,602,40108.251532,12681.063881,0.9634551495016611,268,0.6471612261579353,2.5088054491659456e-05,0.13826887680644456,0.41664840027163114
2025-08-03 00:00:00+00:00,659,30339.009279,10771.80625,0.9848254931714719,229,0.7423012240577126,0.0,0.2794046364878334,0.4247158638406506
2025-08-04 00:00:00+00:00,1256,77969.317271,32391.86191,0.9928343949044586,139,0.7856068684954689,0.0025651115977436962,0.39912804491844267,0.31135976751112876
2025-08-05 00:00:00+00:00,874,62416.222119,30213.788151,0.9862700228832952,147,0.822308435932654,0.0010574174110404716,0.6060116476912782,0.328895407012322
2025-08-06 00:00:00+00:00,787,51604.922721,24184.73684,0.9974587039390089,158,0.8588240011929075,7.080719837049671e-08,0.43031310179568244,0.3926475443059699
2025-08-07 00:00:00+00:00,720,48497.498672,19998.260126,0.9888888888888889,155,0.7890230437099357,0.008247848053057213,0.3841998062212968,0.33950386955742334
2025-08-08 00:00:00+00:00,898,93827.450962,28984.419306,0.9988864142538976,149,0.8429312641833505,0.0,0.35542234972903664,0.2668503504762195
2025-08-09 00:00:00+00:00,1384,32200.317074,14539.089587,0.9869942196531792,321,0.6568837145420213,0.0,0.12790414425221633,0.3148170119941223
2025-08-10 00:00:00+00:00,734,35529.245139,16292.618607,0.9918256130790191,274,0.7585875685102886,0.0011273965952074657,0.3356503655888156,0.38139953044275116
2025-08-11 00:00:00+00:00,1043,65669.83611,24592.690818,0.9961649089165868,222,0.7482755015284291,0.002482196753574325,0.4748018550369426,0.37289376896695287
2025-08-12 00:00:00+00:00,1170,87132.945102,41231.566842,0.9982905982905983,208,0.717262961688477,0.015582331727805163,0.4371871542435173,0.31668529405494217
2025-08-13 00:00:00+00:00,1018,50919.101058,18822.203231,0.9842829076620825,272,0.6925219958190879,0.0011679161407869487,0.321950677631305,0.3987067503484598
2025-08-14 00:00:00+00:00,1158,71273.379712,32852.616791,0.9965457685664939,288,0.7123254083944064,0.00685241335507724,0.29163720923564335,0.44266301720904705
2025-08-15 00:00:00+00:00,697,49337.861108,24277.062853,0.9928263988522238,136,0.7200501250091607,0.008302422902025248,0.41189995153042425,0.42009925346437865
2025-08-16 00:00:00+00:00,394,25491.09106,10597.192838,0.9923857868020305,148,0.6150176188456956,0.0,0.11238482755629842,0.4528681726815031
2025-08-17 00:00:00+00:00,446,35449.051436,12989.056877,0.9977578475336323,120,0.6238403756564764,0.0056418999069998135,0.20583038926085637,0.3637017273868924
2025-08-18 00:00:00+00:00,1075,86563.259258,29099.053049000002,0.9888372093023255,199,0.6565108191758376,0.010310830930473696,0.3563607020509583,0.2777187393308351
2025-08-19 00:00:00+00:00,696,50544.749422,19967.231513,0.9971264367816092,127,0.7150690975583014,0.003956889732110304,0.2043314780685154,0.19568568589430804
2025-08-20 00:00:00+00:00,877,65579.673951,25384.476396000002,0.992018244013683,145,0.6724374871846638,0.0,0.32524253652033835,0.28834838419796155
2025-08-21 00:00:00+00:00,693,52377.684069,20802.570663,1.0,151,0.6437460347441388,2.7274974550574376e-07,0.18297325371192139,0.34229551430493965
2025-08-22 00:00:00+00:00,1142,110083.904646,47459.128808,0.9982486865148862,172,0.6512856726244871,0.007352949403484043,0.32643280418292947,0.3200355143451041
2025-08-23 00:00:00+00:00,530,32430.826147,13022.191778,0.9981132075471698,137,0.695784156352346,0.0015109081642846994,0.22937107899386996,0.21304406123305408
2025-08-24 00:00:00+00:00,1233,153435.394006,30045.742636,0.9975669099756691,293,0.7575103333260572,3.910440637813576e-05,0.4502371948697742,0.3865234041415559
2025-08-25 00:00:00+00:00,1238,173272.44145,63704.690521,0.9983844911147012,259,0.6347842896687019,0.06257242588186547,0.1568107278089028,0.4961150557332324
2025-08-26 00:00:00+00:00,926,92659.709171,42870.831669,0.9989200863930886,199,0.7006145686114221,0.03696763167773962,0.16378862543149306,0.47587557188017154
2025-08-27 00:00:00+00:00,922,99508.67342,49619.21173,0.9989154013015185,176,0.6546071239545621,0.02882391957828594,0.12944971975087155,0.538879377581195
2025-08-28 00:00:00+00:00,1265,112507.007146,54935.308751,0.9968379446640316,212,0.5528566591837513,0.004946027435232368,0.14927536677965128,0.48712892918197687
2025-08-29 00:00:00+00:00,1305,171862.996927,89395.781221,0.9938697318007663,250,0.6410018249844271,0.002283211092651168,0.4150196690931465,0.5235499473264692
2025-08-30 00:00:00+00:00,958,181855.229222,94630.398452,0.9979123173277662,144,0.8219953191751062,0.016452766487937972,0.6731610094178719,0.6518371647635832
2025-08-31 00:00:00+00:00,646,150530.281088,100206.48663,0.9969040247678018,195,0.8776404355265078,0.024869102827301037,0.6104535304114664,0.6436089786038626
2025-09-01 00:00:00+00:00,770,57327.058964,21845.143375,0.9974025974025974,213,0.6150614410664641,0.010886462122396905,0.1266282930467202,0.36522665530684484
2025-09-02 00:00:00+00:00,1264,125231.613266,57069.274388,0.9960443037974683,247,0.5859308996774032,0.0018521263277774312,0.3719539302912297,0.5240432037444451
2025-09-03 00:00:00+00:00,1460,99535.366361,40874.098486,0.9979452054794521,290,0.6122891165433966,0.00010059559095492744,0.27790968494228074,0.3226518347209643
2025-09-04 00:00:00+00:00,1202,101895.672128,45310.191833,0.9966722129783694,285,0.5904535106743488,0.002216777172991729,0.1685228316314463,0.316764028475657
2025-09-05 00:00:00+00:00,1394,167924.695217,75881.237285,0.9978479196556671,343,0.5314867500915655,0.0037576367143891064,0.19678802992196587,0.36817407011283376
2025-09-06 00:00:00+00:00,768,78760.685647,41377.140949,0.9986979166666666,256,0.49816100973080446,0.0,0.20399346971164897,0.3997017987768
2025-09-07 00:00:00+00:00,837,94018.354298,47387.718371,0.994026284348865,261,0.5503687227069527,0.0038463685277215355,0.07341989258949239,0.6070260487394433
2025-09-08 00:00:00+00:00,3417,240115.33279000001,96466.333783,0.9991220368744512,634,0.5819632991709542,0.023895183757457042,0.2359452160206216,0.46054987395042973
2025-09-09 00:00:00+00:00,3948,439206.135433,227502.606725,0.9941742654508612,756,0.5462135687778803,0.020732005890635022,0.3646619102875268,0.43937092511868575
2025-09-10 00:00:00+00:00,4660,401226.2595,194375.609775,0.9993562231759656,1116,0.538188857253746,0.010607476188880903,0.23329930184691713,0.5555954012015507
2025-09-11 00:00:00+00:00,5206,442802.179744,104016.040767,0.9996158278908951,1025,0.5007027142609819,0.013104424193111993,0.2784329027067545,0.5352910702958474
2025-09-12 00:00:00+00:00,4898,747859.042062,350182.129701,0.9991833401388321,1143,0.5845588069212077,0.023536576603349714,0.38182586469326496,0.7061968103986844
2025-09-13 00:00:00+00:00,3338,708631.502755,517223.789654,0.9964050329538646,960,0.7824006306966119,0.008158121327550885,0.6560270942029042,0.6342145212959612
2025-09-14 00:00:00+00:00,3895,466804.62627,147449.496014,0.9984595635430038,1129,0.48536115607807295,0.045689777375221986,0.10222174158017047,0.6101994014391926
2025-09-15 00:00:00+00:00,6027,758063.259069,224429.663046,0.9968475194956031,1627,0.4318218516440517,0.08456755279200893,0.09230652573366684,0.6195727723960957
2025-09-16 00:00:00+00:00,9081,1067311.625716,187822.89196,0.9973571192599934,1955,0.5976617890370811,0.3682360705856108,0.1261409286464795,0.660822262728424
2025-09-17 00:00:00+00:00,17523,2187942.076828,285062.883032,0.997489014438167,3754,0.5075428784115373,0.343509169601789,0.0639251065561893,0.7391531359507441
2025-09-18 00:00:00+00:00,25770,2674557.833278,895952.630433,0.9999223903764066,3278,0.4057675146534012,0.14951994629776752,0.3303856859965506,0.6854048306329735
2025-09-19 00:00:00+00:00,15803,5325111.696614,2248605.239343,0.9974055559071062,5383,0.41004809924032637,0.01765812193606951,0.34147821478754053,0.5814373174835462
2025-09-20 00:00:00+00:00,23343,10424999.073661,4770949.515977,0.9989290151223065,5745,0.37526276903875666,0.003244455501915172,0.3479408951807406,0.5450142035292003
2025-09-21 00:00:00+00:00,94054,11332223.373023,4410589.998557,0.999808620579667,12330,0.19502352112601748,0.010643875115817063,0.1102933006057207,0.5285729036522357
2025-09-22 00:00:00+00:00,61818,9820646.95949,569482.909913,0.9999838234818338,6521,0.5292039611744066,0.0703459624240353,0.08598587884070041,0.17763804617533013
2025-09-23 00:00:00+00:00,8417,4001951.098909,167334.773323,0.99584174884163,2435,0.5967556193526604,0.00020366141011123165,0.037080715941395455,0.03851758567690212
2025-09-24 00:00:00+00:00,11731,5581825.1093190005,353767.027315,0.9998295115505924,2941,0.6583727828210927,0.00017330385152787773,0.015039599385664371,0.04833221150123319
2025-09-25 00:00:00+00:00,7704,1174181.50961,216249.42088,0.9992211838006231,2273,0.5335029391631845,0.001204244419987209,0.10455408866792332,0.10769417336762586
2025-09-26 00:00:00+00:00,7556,1471815.64552,352300.23529,0.9993382742191635,2426,0.5410961411288913,0.00011196687608370763,0.15095949018227828,0.1356077523717204
2025-09-27 00:00:00+00:00,7698,627517.980034,283914.312762,0.9970122109638867,2364,0.39785143908063486,0.001200140466029667,0.24640710647306419,0.31979104546076453
2025-09-28 00:00:00+00:00,9665,1396857.762019,634014.611108,0.993585100879462,2870,0.4207436512165123,0.01370004385295437,0.29120997353520595,0.3915565958751929
2025-09-29 00:00:00+00:00,10067,1264665.841255,543927.333922,0.9971193006854078,2920,0.46037839449290807,0.008734553185241514,0.29373781238082547,0.33271239038483547
2025-09-30 00:00:00+00:00,9843,1263310.706452,422406.734244,0.9973585289037895,3013,0.45475245145429166,0.0029322136083240313,0.23718787182888884,0.2939677525313607
2025-10-01 00:00:00+00:00,10527,2178692.317255,1582647.139251,0.9969601975871568,2681,0.6942074306839707,0.0018998674646336184,0.6007092101077157,0.6460244649599431
2025-10-02 00:00:00+00:00,15552,3855565.382638,3092557.467888,0.9983281893004116,3524,0.7598931929862389,0.0020405710263476256,0.703382111391009,0.58778078823862
2025-10-03 00:00:00+00:00,15357,3436885.859719,2325983.446064,0.9989581298430683,3545,0.6278375618326243,0.003604250569442185,0.5774377393714961,0.3094529300887101
2025-10-04 00:00:00+00:00,14848,2923132.947069,1392758.48347,0.9990571120689655,3784,0.487789983933578,0.0033967556162493025,0.26872568874762776,0.3676095562962552
2025-10-05 00:00:00+00:00,15564,2894427.498547,1568621.052931,0.9991647391416089,3513,0.4741383673164807,0.0031530779121541038,0.39730547194645055,0.37627994434745204
2025-10-06 00:00:00+00:00,12119,4913984.717157,4417994.429028,0.9987622741150259,2757,0.8765411095705454,0.00034637711937874125,0.8565814402062815,0.8854502538410082
2025-10-07 00:00:00+00:00,10554,984397.57195,470344.106168,0.998768239530036,2273,0.43720722508025484,0.0017018505355324996,0.24676450808874834,0.3979960240067514
2025-10-08 00:00:00+00:00,23049,7050530.344839,6232272.635969,0.9992190550566185,2242,0.8578097984644739,0.000491778745628415,0.802892000687966,0.8885573769187937
2025-10-09 00:00:00+00:00,30894,6811596.095502,6052764.477253,0.9960510131417104,1822,0.8494514149477876,0.00023674849629808418,0.7751863952918154,0.8587470225812632
2025-10-10 00:00:00+00:00,18183,5319709.001669,4933843.922705,0.9958202716823407,1943,0.9046696610426636,0.00039258903679595424,0.8740490790291746,0.9018555329766728
2025-10-11 00:00:00+00:00,14638,6460369.503552,5736182.30912,0.9985653777838502,1923,0.8926375179404754,0.00039713246643081104,0.8528643953346052,0.9036842237098224
2025-10-12 00:00:00+00:00,19354,4517469.670851,4201572.056494,0.9995349798491268,1622,0.8996513609607472,0.0016740087856694829,0.8513571574784906,0.8794424147882757
2025-10-13 00:00:00+00:00,9454,10904981.235357,10381256.957697,0.9975671673365771,1866,0.9412957216566411,0.00018348179687945122,0.9157093663951722,0.9303918801495628
2025-10-14 00:00:00+00:00,10123,823997.274312,341873.134013,0.9982218709868615,1621,0.382071821177886,0.003277996748539322,0.09734156782007682,0.46283946587254615
2025-10-15 00:00:00+00:00,10270,822464.505906,347971.710137,0.9994157740993184,1753,0.40317403775038824,0.021074890871924188,0.22814876688726793,0.5295055484531432
2025-10-16 00:00:00+00:00,9031,615012.658594,243104.791473,0.998339054368287,1555,0.4186095726827235,0.00461376576619895,0.13687798163285034,0.3268135825618612
2025-10-17 00:00:00+00:00,8258,639662.343943,310353.068456,0.9979413901671107,1392,0.4339982941722732,0.014960137260874508,0.16894978512230532,0.3517156417559071
2025-10-18 00:00:00+00:00,8903,547991.769499,299639.46204199997,0.9912389082331798,2272,0.4087476164464706,0.003168003155571423,0.15236425646380508,0.3990773788271268
2025-10-19 00:00:00+00:00,13079,525712.03913,205392.896285,0.998012080434284,3796,0.340147298802455,0.0017014090289433467,0.17417347843798844,0.4145467421312163
2025-10-20 00:00:00+00:00,10591,557580.298906,229205.094883,0.9993390614672836,2800,0.4378125234436491,0.0008851431586954321,0.22712850539281712,0.1865658874167597
2025-10-21 00:00:00+00:00,9542,889082.151798,273026.530601,0.9984280025151959,1941,0.49746606715370006,0.00038004288165799176,0.3569620140413148,0.5931155141125917
2025-10-22 00:00:00+00:00,11950,783415.343076,296156.513204,0.9981589958158996,2025,0.3505080614018066,0.0012017294227395143,0.1484856649606301,0.43869682304034097
2025-10-23 00:00:00+00:00,9311,514154.433783,191001.161909,0.9989260015035979,1355,0.40011310399070593,0.0035042398637768436,0.2017523889753721,0.23690430733970533
2025-10-24 00:00:00+00:00,8085,510528.113516,211148.210594,0.9983920841063698,1293,0.3630890304098612,0.005610884169085482,0.2517418073881883,0.2996120393949788
2025-10-25 00:00:00+00:00,9373,840042.157645,221519.743283,0.9996799317187667,1324,0.6275924046669041,0.05597349621811551,0.4500337363577436,0.6095356933584817
2025-10-26 00:00:00+00:00,11102,1018557.586507,366082.572738,0.9996397045577373,1508,0.41999246499604764,0.03751014490307115,0.19173685614549968,0.3421063703535679
2025-10-27 00:00:00+00:00,10716,1666801.165074,727113.294223,0.9986002239641657,1657,0.5951634404133967,0.003350526729294709,0.29559807209345557,0.3703530029048749
2025-10-28 00:00:00+00:00,10228,1150707.84621,352012.692391,0.9994133750488854,1554,0.45450659012805034,0.0012456623379436059,0.22442730982375717,0.15453221352507246
2025-10-29 00:00:00+00:00,9609,1079225.168591,238738.059775,0.9990633780830471,1372,0.5083325579070219,0.0009372579378598041,0.24873907420401747,0.16141055171640178
2025-10-30 00:00:00+00:00,7803,853128.719281,198074.999923,0.998077662437524,1375,0.42305097568942895,0.017405525417682075,0.3208842813939212,0.19932281339715432
2025-10-31 00:00:00+00:00,9719,2008339.878613,349701.412509,0.997736392632987,1481,0.450840786817327,0.024421368578744967,0.35726501404559396,0.16205599701892673
2025-11-01 00:00:00+00:00,7434,1591952.853272,614846.065396,0.9991928974979822,1401,0.5776217779926848,0.00893010627153982,0.4608169512659919,0.3638004827675297
2025-11-02 00:00:00+00:00,7418,1769853.184529,293448.634165,0.9994607710973308,1399,0.511625343150695,0.01572438695326369,0.31974397331753784,0.11174318907990724
2025-11-03 00:00:00+00:00,9601,2145694.9104400002,698665.440727,0.9996875325486928,2162,0.5584186883853381,0.009243770233827296,0.3282361983002402,0.2508867652350025
2025-11-04 00:00:00+00:00,9617,515902.102569,179469.709903,0.9974004367266299,2144,0.2537823999098531,0.026988399746127805,0.10164934584073768,0.24661419178163482
2025-11-05 00:00:00+00:00,10678,585554.506485,343764.986256,0.998220640569395,1985,0.44467096160102737,0.0034119752796252785,0.45013850989763,0.5508029742091346
2025-11-06 00:00:00+00:00,14641,802509.495385,507103.791738,0.9985656717437333,2137,0.5321458339320008,0.0009756259439950726,0.33458422722984116,0.42999734628491965
2025-11-07 00:00:00+00:00,16670,1785411.39014,1432922.820081,0.9974805038992202,2178,0.6631832231464897,0.0010205881266709728,0.4045199912247492,0.4275136736870756
2025-11-08 00:00:00+00:00,22782,1551090.62822,1007840.208232,0.9989026424370117,2655,0.4507565625642046,0.0006962151536169508,0.391242860250798,0.3829962656767731
2025-11-09 00:00:00+00:00,26081,1489643.270719,420930.177895,0.998696369004256,2334,0.15760653770461494,0.0003671591694137702,0.21332859539627683,0.24949088415216086
2025-11-10 00:00:00+00:00,18777,717412.914408,311300.632854,0.9972306545241519,2685,0.2346853822284949,0.0012262659234758124,0.2674857052376198,0.26658771780240387
2025-11-11 00:00:00+00:00,20946,945524.252177,331771.867181,0.9981858111333907,2766,0.2188857069466868,0.03630010187996202,0.2235925986279452,0.29541585602524706
2025-11-12 00:00:00+00:00,18354,989398.142454,365741.374218,0.9967854418655334,2629,0.20653507621730818,0.032746254892535666,0.20751792078743048,0.2899600394017702
2025-11-13 00:00:00+00:00,20180,740029.36251,421188.428504,0.9959365708622399,2329,0.2773595884402849,0.008313355502724213,0.3343201272269204,0.4781086454859673
2025-11-14 00:00:00+00:00,22470,954866.938318,515588.10024,0.9966622162883845,2857,0.1825851185010219,0.002419627090733514,0.33805537714145717,0.40889311713028653
2025-11-15 00:00:00+00:00,28328,1480227.55404,584023.742323,0.9985173679751482,3931,0.22259317249481247,0.004413727165913471,0.31485243232028487,0.2832206040066534
2025-11-16 00:00:00+00:00,26981,1388720.439849,344183.542178,0.9993699269856565,3233,0.1500660241273326,0.017254993449657516,0.17155919840922443,0.1517036152333203
2025-11-17 00:00:00+00:00,26003,1184037.094677,454516.974881,0.9993462292812367,3238,0.2275134612226713,0.013002459214506108,0.26735531468999774,0.26027784743270205
2025-11-18 00:00:00+00:00,15918,828787.809839,445740.344454,0.9972358336474432,2325,0.4206748826822497,0.007900080756824732,0.3632615520617818,0.36072650142088475
2025-11-19 00:00:00+00:00,18763,924942.826323,508886.229983,0.9982412194212013,3445,0.35254543108119407,0.0005062541453091717,0.29517617176767863,0.3849891084242525
2025-11-20 00:00:00+00:00,31904,2069266.928927,840615.306071,0.9999373119358074,3333,0.28127333621129597,0.004193282676440102,0.28687384684431005,0.3337038143667933
2025-11-21 00:00:00+00:00,28090,1418817.533306,424507.414124,0.9998220007119971,4149,0.21674611554273462,0.0010175165108342653,0.1779191885673975,0.1542770476721979
2025-11-22 00:00:00+00:00,38591,2616621.319332,1471038.069654,0.9966572516908088,4172,0.2663305298939507,0.001293374281557858,0.2605491476038447,0.3425422222640601
2025-11-23 00:00:00+00:00,32948,2629522.604731,1461963.870401,0.9983610537817167,4852,0.2330763200230019,0.0007252394961613533,0.3846159287862299,0.4533758758495092
2025-11-24 00:00:00+00:00,21578,1238187.581613,637025.14277,0.9972657336175734,2483,0.44845233202278323,0.0023247118334446867,0.40348653387411315,0.37420136556563843
2025-11-25 00:00:00+00:00,20759,1300185.934607,644472.970314,0.9979286092779036,2001,0.5725362343848204,0.005078047930118297,0.5827723183538587,0.37286167713507423
2025-11-26 00:00:00+00:00,35492,2739292.693377,1189293.600635,0.9984221796461175,2821,0.6545787137779308,0.017234917578229907,0.6283358881172022,0.5616744770357948
2025-11-27 00:00:00+00:00,44455,2984646.85585,656892.076997,0.9997975480823305,5011,0.2501601179384299,0.02085143248187608,0.23031048670018822,0.08762910383044806
2025-11-28 00:00:00+00:00,36793,2661866.676517,888230.40791,0.999483597423423,3206,0.2718279228119632,0.015456329879314014,0.36401752100855517,0.23026320972281256
2025-11-29 00:00:00+00:00,92676,10510802.280445,6535374.415681,0.999967629159653,2978,0.3016521745735155,0.004187780734292001,0.8839679762013974,0.8500631463562953
2025-11-30 00:00:00+00:00,131150,20635312.242566,12660630.156435,0.9999313762866946,3602,0.26313038269806704,0.0008882543641472294,0.8715414983835797,0.8684152036503494
2025-12-01 00:00:00+00:00,28356,1922758.056233,630464.94748,0.9998942022852306,3968,0.2520613774311861,0.006458604562723592,0.2403546784629867,0.18325551295040393
2025-12-02 00:00:00+00:00,37064,2695439.365522,729606.554593,0.9997841571336067,3294,0.26327716681008306,0.004793143390000902,0.2627749963386141,0.2000515349845657
2025-12-03 00:00:00+00:00,44977,2569711.486893,783564.766232,0.9990884229717412,7182,0.4229281205105394,0.013408153108526253,0.4265183797902513,0.2406038061092049
2025-12-04 00:00:00+00:00,55814,2814515.057892,870462.640121,0.9989250008958326,12108,0.2824068826607429,0.002690065216659618,0.2786052763733657,0.156996990079687
2025-12-05 00:00:00+00:00,63758,4617208.753678,2488768.336944,0.9996863138743374,12092,0.5217923793691044,0.0019213598089826975,0.488497813744788,0.4192862616101915
2025-12-06 00:00:00+00:00,67181,3549662.044669,1445444.511923,0.9995832154924755,11916,0.3780290865376249,0.0027438026990843287,0.3207070251785488,0.24383982280240174
2025-12-07 00:00:00+00:00,38250,3048724.739906,1214736.297319,0.9976209150326797,6825,0.42168350014968503,0.03314221351321975,0.4184560231148761,0.36447622176830596
2025-12-08 00:00:00+00:00,42259,3563631.91008,2008201.519354,0.9983908753165006,10692,0.5819062988475001,0.004743568090235367,0.5923194475042218,0.5365461845085949
2025-12-09 00:00:00+00:00,33624,4424193.642103,2913219.443028,0.9979181536997382,6650,0.6312148165481417,0.006756311107303042,0.6262021142632666,0.5856303029859967
2025-12-10 00:00:00+00:00,52353,6031449.570806,3487495.51814,0.999293259221057,8519,0.5667481482683938,0.004782165198331514,0.5936505325081443,0.5336266085578656
2025-12-11 00:00:00+00:00,58606,4551726.594356,2337185.8187,0.9990444664368836,6962,0.4878999442033068,0.0028245522824112,0.4951274616701493,0.4683780888439182
2025-12-12 00:00:00+00:00,58285,5158620.804528,2818657.339392,0.9996053873209231,7710,0.5031438875390423,0.0008925581416952564,0.5479415152596447,0.52387218156797
2025-12-13 00:00:00+00:00,53144,5616041.619263,3399321.81671,0.99926614481409,7684,0.5851724789204416,0.0011408698854765292,0.5923998403294595,0.5671695497865638
2025-12-14 00:00:00+00:00,35059,3645348.011715,2046264.598849,0.9992869163410252,4555,0.5369540356409275,0.001881403168355768,0.5713328120552101,0.4918510751190187
2025-12-15 00:00:00+00:00,32159,3701362.198859,2370759.064812,0.9985385117696446,5869,0.6101078864950403,0.0018038455193761336,0.6114744088326973,0.5744786733842152
2025-12-16 00:00:00+00:00,13877,1417598.842543,723526.394941,0.9987028896735606,1430,0.5299213101320047,0.0025212385582852838,0.5329559330301745,0.4733018679529206
2025-12-17 00:00:00+00:00,10691,623979.073463,226668.905583,1.0,1506,0.3415552270546419,0.002578664459162204,0.2845173728611063,0.2706234570244976
2025-12-18 00:00:00+00:00,22530,1140756.716781,529556.718455,0.9999112294718153,1236,0.5300179216008718,0.0023519649418072028,0.6912564490859668,0.4703335861378961
2025-12-19 00:00:00+00:00,22968,964386.395419,460446.947427,1.0,1190,0.5255313508869051,0.0024420386177023846,0.6583112672666516,0.5321119182716645
2025-12-20 00:00:00+00:00,21566,892983.413231,277368.105301,1.0,3992,0.29965969374201423,0.00164417191097389,0.37645988080188203,0.29390451076621293
2025-12-21 00:00:00+00:00,9849,725570.433698,155608.566614,0.9994923342471317,865,0.6238621659415718,0.0004613637235655771,0.51132431427108,0.1363268307521344
2025-12-22 00:00:00+00:00,11254,645723.008205,231304.774933,0.9992891416385286,1224,0.4274964348101147,0.0028165494955115604,0.37532567157814245,0.3582823685880682
2025-12-23 00:00:00+00:00,10599,677037.797774,237503.785654,0.9991508632889895,1280,0.4574793349276052,0.0011515409428592173,0.4121214311082517,0.24863165377243937
2025-12-24 00:00:00+00:00,12897,1223430.391543,670140.330349,0.9989920136465845,1359,0.20237908411791952,0.0011311129669213896,0.605139672084874,0.5548661546231016
2025-12-25 00:00:00+00:00,48230,6411014.664694,4231665.94753,1.0,1221,0.35562138724491904,0.0003718552433094127,0.9287804559421027,0.9202930119639041
2025-12-26 00:00:00+00:00,43603,5521789.872407,3741868.15423,0.9998394605875742,1212,0.4239877562358166,8.742333829330815e-05,0.9265799007189895,0.9172935314312449
2025-12-27 00:00:00+00:00,53846,7383253.241784,5048386.414813,0.999907142591836,1129,0.29029578140260465,0.00023806911647734363,0.9505671868401454,0.9359953722127354
2025-12-28 00:00:00+00:00,51842,7086324.177939,4613074.780488,0.9999614212414645,996,0.17993602112524978,8.342218238341069e-05,0.9537910259514495,0.9077678168832956
2025-12-29 00:00:00+00:00,35980,4528322.345197,3063026.487407,0.9999722067815453,1641,0.16880200730757522,0.0001534588350886864,0.918318980211885,0.8774084185577454
2025-12-30 00:00:00+00:00,6574,599099.574091,331636.789044,0.9998478856099787,1185,0.3124559061939285,0.0043808980551893,0.14409458641993192,0.18349592317737465
2025-12-31 00:00:00+00:00,7954,827897.26488,417463.000013,0.9992456625597184,1137,0.41758797477499887,0.007755631575773686,0.33774067666901747,0.1921275717254064
2026-01-01 00:00:00+00:00,7313,689706.912181,429238.762991,1.0,938,0.23260430378925742,0.00047185475345010646,0.15327754653596506,0.17820888366455026
2026-01-02 00:00:00+00:00,7875,786065.64718,506639.830131,0.9998730158730159,1165,0.19326206076553404,0.0003265715858731798,0.13836068560453843,0.1513613234293331
2026-01-03 00:00:00+00:00,7676,696766.183713,410222.725327,0.9998697238144867,1068,0.3237570103810007,0.000553788210477989,0.15571264817680866,0.2586041142335624
2026-01-04 00:00:00+00:00,7963,802220.037098,487008.801526,0.999748838377496,1213,0.2743989718504238,0.0004926738684186194,0.15345080706325193,0.230823625327722
2026-01-05 00:00:00+00:00,7083,753460.496096,489651.929308,1.0,1088,0.25964356165405944,0.0029794085524478204,0.1538010894803901,0.21744002952495303
2026-01-06 00:00:00+00:00,7493,1127960.923074,743100.311311,0.9995996263178967,1161,0.2602538606053653,0.0011101088285820446,0.25006337585198,0.2033678116408921
2026-01-07 00:00:00+00:00,8285,1071732.784835,743872.744085,0.9996378998189499,1094,0.22633541883422495,0.00034019368928434144,0.2438568246423817,0.2327687667489866
2026-01-08 00:00:00+00:00,7756,1018657.631822,740371.177861,0.9996132026817948,1010,0.28692967158181903,0.0020830315551700293,0.3783640956752276,0.4303041273307754
2026-01-09 00:00:00+00:00,6637,991865.75025,748496.830082,1.0,970,0.1712280172984025,0.000733496740679498,0.27169578968834845,0.41666890185222416
2026-01-10 00:00:00+00:00,6579,927525.036869,668984.959526,1.0,897,0.23550298407292575,0.013239993761736527,0.28410972397095346,0.37056898736367433
2026-01-11 00:00:00+00:00,7889,1111422.716188,834543.818153,1.0,959,0.19908853452890138,0.0010552439003789574,0.2664303572880285,0.2935427772980788
2026-01-12 00:00:00+00:00,9362,1285679.25226,975524.533518,1.0,1047,0.16866675039152504,0.003513742765980661,0.27714304022302355,0.33777028621924104
2026-01-13 00:00:00+00:00,9663,1387185.4905,903169.642868,0.9998965124702474,1033,0.27352321519578354,0.0006588365573738676,0.41679331776574685,0.3853439451830829
2026-01-14 00:00:00+00:00,9021,1120234.045253,837151.409947,0.9998891475446181,992,0.25371265297227313,0.0020527731885533335,0.39279994806587193,0.3970968634460975
2026-01-15 00:00:00+00:00,13336,2017679.734971,1581350.809555,0.9999250149970006,946,0.3642545886944557,0.008144473414278599,0.6228444366241614,0.6157247778663723
2026-01-16 00:00:00+00:00,20746,4080860.431933,3261229.912088,0.9999517979369517,881,0.45404892267507013,0.0009402351111974994,0.885649114296722,0.8495832088698156
2026-01-17 00:00:00+00:00,18649,4064458.668008,3199545.345861,1.0,916,0.48514903940674514,7.222284121389969e-05,0.8491085691779034,0.8488939625389269
2026-01-18 00:00:00+00:00,17678,3988775.890056,3121905.92134,1.0,758,0.37652172635034026,0.00020894173851123516,0.8672157983083466,0.8329468091780546
2026-01-19 00:00:00+00:00,19528,4623272.87792,3676841.145589,0.9999487914789021,906,0.3597625303563752,0.00022120236399719088,0.8777984472144809,0.7673725393705584
2026-01-20 00:00:00+00:00,18822,4014481.953853,3136813.426908,0.999787482732972,1021,0.5233304274033684,0.00023096339843054918,0.847361604355729,0.818638588616966
2026-01-21 00:00:00+00:00,12667,2058389.588835,1609305.987652,1.0,1068,0.2321034492937756,0.0005195124080496501,0.6831076214735522,0.621068284934362
2026-01-22 00:00:00+00:00,19618,3152267.508661,2534769.628872,1.0,1215,0.25270645997248314,0.0001346441229476392,0.8218633850270769,0.7619077787702397
2026-01-23 00:00:00+00:00,41005,6956023.917407,5637834.107543,0.9999756127301549,1081,0.25715891732432583,0.00028977791493152227,0.9102127058194736,0.8497216529190469
2026-01-24 00:00:00+00:00,36652,9196216.164304,7300181.293645,0.9995361781076066,1120,0.21773669037482277,0.0001486767016533565,0.9381467253409164,0.8193559769138781
2026-01-25 00:00:00+00:00,49615,26164144.734338,21405775.552004,0.9986697571299002,1697,0.20520414865687162,2.7241070298185447e-05,0.9795959600725888,0.9200635736338386
2026-01-26 00:00:00+00:00,46301,22840360.174122,18500367.368159,0.9991576855791452,4396,0.18303553491560498,0.00018579893134995767,0.9884350179838987,0.8528222785433933
2026-01-27 00:00:00+00:00,51449,21350748.898223,17284955.450224,1.0,11724,0.1833311141054298,0.00024832316024480386,0.994283662808326,0.8743869410307328
2026-01-28 00:00:00+00:00,51504,22853962.476592,18620619.31827,0.9999805840323082,10230,0.22851652387009969,0.0003067188095359688,0.9923400134081647,0.8995120586662938
2026-01-29 00:00:00+00:00,41966,19033518.025276,15685288.809989,1.0,8198,0.2760606808029283,5.296703418995927e-05,0.9926472334912992,0.8574606353668209
2026-01-30 00:00:00+00:00,34748,13843775.579691,11238219.825499,1.0,6531,0.35619091429319905,0.00013461396064046825,0.9876080990423114,0.8789052067189088
2026-01-31 00:00:00+00:00,10541,943849.212057,730438.626779,1.0,4705,0.6166333828362108,0.0037379535914545386,0.8928192830436026,0.880909075965609
2026-02-01 00:00:00+00:00,8912,2812060.465803,2244036.647573,0.9998877917414721,309,0.38057510285234863,0.00230237758708762,0.925299369125402,0.7903381777762941
2026-02-02 00:00:00+00:00,19676,9376279.69677,7627264.692635,1.0,864,0.46487867799934113,0.00010845753890536328,0.988949018600555,0.9111892449383354
2026-02-03 00:00:00+00:00,21847,9027736.426917,7359683.946374,1.0,3255,0.4875559105687289,0.0010629862486223678,0.9849816421254002,0.9090428118352896
2026-02-04 00:00:00+00:00,22023,9924263.016746,8029221.704219,1.0,1354,0.35768167732054895,0.00022050563435364548,0.9892441590851753,0.9177499528801645
2026-02-05 00:00:00+00:00,26408,11484502.042196,9428504.596569,1.0,3310,0.2984602977402215,0.0006041893066417359,0.9885884415295955,0.8977662645050568
2026-02-06 00:00:00+00:00,22888,10138574.890127,8157515.366496,1.0,2607,0.24957721187842447,0.00034625788910615083,0.9934552076988044,0.8352968553359393
2026-02-07 00:00:00+00:00,20234,10053084.651064,8026645.426098,1.0,307,0.2642615340173552,0.00031314756806179,0.987187105656435,0.8217902499234517
2026-02-08 00:00:00+00:00,20558,8697758.722241,6781189.810583,1.0,352,0.2753267366305481,0.00028315320988410377,0.9768343092629402,0.7451143844868232
2026-02-09 00:00:00+00:00,26254,9075448.090018,7178903.322237,1.0,5819,0.22057738313001907,0.0004475206898563115,0.9775028920186798,0.7556367160956785
2026-02-10 00:00:00+00:00,28437,10384901.396974,8329270.468399,0.9999648345465415,6660,0.225605649215859,6.153869936465803e-05,0.9866447886276116,0.8466012197782944
2026-02-11 00:00:00+00:00,35571,14946179.963065,12163364.542543,0.9999718872114925,4892,0.29067542433645904,0.00026792842585168493,0.9898939545289654,0.878681871222989
2026-02-12 00:00:00+00:00,41229,18107664.689241,14409351.373936,1.0,4871,0.4405077124969584,0.0001097604701715574,0.9863740141609424,0.9237353979809152
2026-02-13 00:00:00+00:00,31141,13561392.98097,10999994.636417,1.0,4372,0.3332029151354033,0.00034961604192527957,0.9917036092028392,0.8780232771082427
2026-02-14 00:00:00+00:00,32235,18038886.102753,14564456.588978,0.9999689778191407,303,0.24419680412177594,0.0005500699251316664,0.9924847268022658,0.8435318800007977
2026-02-15 00:00:00+00:00,64372,25176909.82024,20497531.90853,0.9999689305909402,1372,0.2532128134963955,7.661047057686978e-05,0.9953305543947856,0.9332074586757022
2026-02-16 00:00:00+00:00,47718,18884610.929537,15539627.492254,0.9999790435475083,1132,0.5063370619538856,0.0001413725265488144,0.9938861022676717,0.9777132661472674
2026-02-17 00:00:00+00:00,27337,5761628.116859,4598400.92226,1.0,6062,0.3936128549407034,0.00037450188075941116,0.9875807035435656,0.9399948125789528
2026-02-18 00:00:00+00:00,31844,8698175.628984,7027957.599452,1.0,1923,0.18827755976505733,0.0008755329954046399,0.9887160304620723,0.9348617570121792
2026-02-19 00:00:00+00:00,72148,20399070.380992,16507536.960714,1.0,2347,0.1810258338855696,5.277728694946759e-05,0.994323627928266,0.9290639700221411
2026-02-20 00:00:00+00:00,44051,13242592.722802,10645412.679941,1.0,1633,0.3326619188441583,9.370826695162677e-05,0.9860389866155393,0.9482251383829898
2026-02-21 00:00:00+00:00,41684,15365210.401188,12445183.145743,1.0,606,0.2316530436651096,5.949961875753517e-05,0.9914712387188744,0.93957988769674
2026-02-22 00:00:00+00:00,48106,18725200.08997,15029963.129302,1.0,2757,0.2460235724510157,6.645211543915703e-05,0.992940173919273,0.9369595874224171
2026-02-23 00:00:00+00:00,54954,20830337.619741,16933447.491643,0.9999636059249554,4129,0.2688436510591051,4.95426157673978e-05,0.993139671327767,0.9319348939597683
2026-02-24 00:00:00+00:00,44200,15799939.093027,12708675.230614,0.9999773755656108,4656,0.3242037852463414,0.00016460190540530434,0.9909371236747239,0.9353734122998209
2026-02-25 00:00:00+00:00,21102,5642199.852987,4475642.457339,1.0,2638,0.3884204986994191,0.0009018453524481569,0.9298480838644069,0.8416141720386949
2026-02-26 00:00:00+00:00,66480,25387242.043313,20602054.945392,0.9999699157641396,456,0.1897290689694952,3.35482054941977e-05,0.9768048938687648,0.8712700429685776
2026-02-27 00:00:00+00:00,44210,18185292.833032,14578544.851934,0.9999773806831034,490,0.3818608493187348,3.974988726532804e-05,0.9400963546567002,0.895824016591701
2026-02-28 00:00:00+00:00,11179,2750707.955685,2098911.716596,0.999642186242061,458,0.3893133795064479,0.0005383250518978659,0.5572462760850547,0.5226353067506925
2026-03-01 00:00:00+00:00,30736,13111752.638879,10599949.504103,0.9998698594482041,462,0.19505464173507744,0.00011568599734731452,0.9210902749498135,0.8526902994160181
2026-03-02 00:00:00+00:00,85792,31697834.422112,25620089.069052,0.9999883439015292,16527,0.25590338429679804,4.8446122392789056e-05,0.9734544781922696,0.9275999206072548
2026-03-03 00:00:00+00:00,75063,14483992.285913,11690092.916659,0.9999866778572666,3644,0.2440901159913967,0.00027626115762928785,0.9662422763940198,0.8629174854047954
2026-03-04 00:00:00+00:00,47098,19058848.872513,15535310.29107,0.9999787676759098,527,0.27085491821717467,0.0003213652035844287,0.9320996561461078,0.8312773335941511
2026-03-05 00:00:00+00:00,55675,20697361.13141,16859809.163051,0.999964077233947,10693,0.2702223529845705,0.00019615319176311943,0.9335712218566129,0.8287201084759256
2026-03-06 00:00:00+00:00,45653,17353099.67089,14058666.251203,1.0,6892,0.2734771130581022,0.0003667988469332378,0.8984546820458259,0.8025856885917487
2026-03-07 00:00:00+00:00,40305,17145283.678379,13771609.627849,1.0,473,0.19114717886247595,0.000375786616241578,0.9163978707358712,0.8237573241972926
2026-03-08 00:00:00+00:00,53328,24151326.64795,19387170.183373,1.0,517,0.3062769721463673,0.00031410656994463357,0.9315457907392292,0.8717271770104
2026-03-09 00:00:00+00:00,61332,25108840.172715,20429325.558961,0.9999836952977239,5144,0.24803387024849932,0.00030171790998265115,0.939805269970438,0.8674782781841769
2026-03-10 00:00:00+00:00,56519,23315927.090841,18852584.938475,1.0,4152,0.30997588747547883,0.0009860146242707591,0.9222675585410477,0.851179730820867
2026-03-11 00:00:00+00:00,54937,18833963.527469,15065727.101411,1.0,5916,0.2948429357220512,0.0006396599891695223,0.8801632066568885,0.8196691806809813
2026-03-12 00:00:00+00:00,47954,18884225.609433,15088416.815745,0.9999791466822372,3420,0.30462517331608086,0.0007098990850492446,0.8777941985840695,0.8249817338232788
2026-03-13 00:00:00+00:00,43360,17071533.920417,13765399.538944,1.0,608,0.28930773439191093,0.000653771129122261,0.8896956712800765,0.8373496108342574
2026-03-14 00:00:00+00:00,41861,13317045.387013,10565214.866561,0.9999522228327082,909,0.3064638293926704,0.0010149749416774895,0.8526393793725617,0.8246543718511906
2026-03-15 00:00:00+00:00,27009,9906985.411408,7853028.634327,1.0,704,0.3399904916192658,0.0004855343043567042,0.8371473549506617,0.8095699123973097
2026-03-16 00:00:00+00:00,34420,15007717.941904,12213978.211162,1.0,2188,0.2943742979172096,0.00016321817004306204,0.8818216899674763,0.8264373361156708
2026-03-17 00:00:00+00:00,50001,20196875.578553,16177500.055452,0.999980000399992,4252,0.330285196120836,0.0007715599952275613,0.8978953533839741,0.8554277736531615
2026-03-18 00:00:00+00:00,32716,12142737.62511,9655279.434892,0.9999388678322534,2186,0.3079755471578941,0.0013645435221079235,0.7645623648271737,0.724852976965379
2026-03-19 00:00:00+00:00,33376,12223735.502179,9752275.576632,0.9998801534036433,1905,0.2852139712411987,0.0007390896859957027,0.7888336702301134,0.738864992668486
2026-03-20 00:00:00+00:00,38858,14304291.863432,11333122.600198,0.9996911832827217,2596,0.3349166505561336,0.0009006114389998962,0.8231634182417964,0.7868935937338586
2026-03-21 00:00:00+00:00,34428,13504514.197305,10645115.447943,0.9999709538747531,773,0.3638894166644796,0.0004207392378567674,0.8365688074044569,0.8135768278191072
2026-03-22 00:00:00+00:00,23979,8876633.739472,6870735.224968,0.9993744526460653,665,0.3504127790663488,0.0005957461690105233,0.7142507253775827,0.7016263104080105
2026-03-23 00:00:00+00:00,16993,5285475.211544,4062807.952181,0.9984699582180898,607,0.2906898812323017,0.0014151461016529891,0.5407413311600974,0.5126002629341715
2026-03-24 00:00:00+00:00,41800,12608443.866271,9842017.960364,0.9997368421052631,3390,0.23209658572180236,0.0010904130224807947,0.8226346939842945,0.7751349904814604
2026-03-25 00:00:00+00:00,39229,13452943.384252,10808257.263194,0.9999745086543118,680,0.29769222935049716,0.0006241439903648906,0.8506760378136613,0.8188882898176284
2026-03-26 00:00:00+00:00,32840,10053341.00445,8033489.650814,0.9999390986601705,632,0.2852674504611014,0.0007498538791893311,0.7926947043817083,0.7484300435599455
2026-03-27 00:00:00+00:00,32302,9787981.272567,7924523.705892,1.0,684,0.3232600361487708,0.0007983799750314151,0.7145732471696576,0.6850659564003166
2026-03-28 00:00:00+00:00,29299,7863951.484076,6217911.588249,1.0,646,0.3158583980393609,0.0005857403519499491,0.6345008167590799,0.6203806464988297
2026-03-29 00:00:00+00:00,28241,7088268.02378,5659359.466035,1.0,666,0.3112586580981093,0.0006847997690995122,0.6096488743689642,0.5846300261989245
2026-03-30 00:00:00+00:00,21651,7353648.586676,5940104.418797,0.9998614382707496,607,0.26865063617175033,0.0008887730769242921,0.6513202391400904,0.6284201576023187
2026-03-31 00:00:00+00:00,20002,6318067.771312,5120085.277976,0.9999000099990001,588,0.2716189304315797,0.0009333348051085347,0.5760174274944925,0.5567961574874787
2026-04-01 00:00:00+00:00,22588,4608396.262788,3691115.662201,0.9999114574110147,7648,0.2607942807534102,0.0011910672494294804,0.5223490421962306,0.49700009927941047
2026-04-02 00:00:00+00:00,10649,1823104.135912,1457429.586981,1.0,1050,0.2659695545849528,0.0027101446542044886,0.4481066655533238,0.4150275806107449
2026-04-03 00:00:00+00:00,11295,1928355.606982,1569570.517783,0.9999114652501107,432,0.2379515009257746,0.005317503927114474,0.39678273316325213,0.3713052894603809
2026-04-04 00:00:00+00:00,8524,1555499.325077,1240216.599053,1.0,402,0.2417773655937672,0.0013068801202465133,0.330865898525879,0.2580496600042756
2026-04-05 00:00:00+00:00,18059,5910253.259591,4688763.658278,1.0,498,0.30642940606293567,0.0003056708360286103,0.7251067117708537,0.698448458938148
2026-04-06 00:00:00+00:00,13761,3671215.961652,2879520.877861,0.9997093234503306,578,0.3322651215249125,0.0016984467133320498,0.6045753511867064,0.5762844687718883
2026-04-07 00:00:00+00:00,16048,2945209.37979,2326733.429818,0.998753738783649,811,0.24604301489837344,0.006390346266431479,0.49793188550029865,0.4532622170893619
2026-04-08 00:00:00+00:00,24661,7597733.840865,6022814.468939,0.999959450143952,828,0.24734763245622515,0.0023605590358451033,0.8017117732366522,0.7619011804257223
2026-04-09 00:00:00+00:00,24278,5584243.199184,4493418.237889,1.0,4960,0.24142480302129435,0.005087710559445472,0.5479686269342894,0.5171040714209864
2026-04-10 00:00:00+00:00,30220,6299717.067126,5234545.796646,1.0,8710,0.25561621898174247,0.004922086047452616,0.6107433696491827,0.5828718591259963
2026-04-11 00:00:00+00:00,25460,6468122.556411,5274285.389461,1.0,1586,0.34615843638905364,0.00283539021022759,0.6248021780735112,0.5945061982398773
2026-04-12 00:00:00+00:00,18277,3182934.190191,2581415.818553,0.9999452864255621,1830,0.17003624601095602,0.009255004599461197,0.3288047684458089,0.2903001912240456
2026-04-13 00:00:00+00:00,20075,3386566.331896,2805782.843351,1.0,6554,0.14411599778417927,0.009263793653625512,0.2451965928867861,0.22873050257761435
2026-04-14 00:00:00+00:00,15567,3824637.992118,3086196.491144,1.0,817,0.21096716119809067,0.006723313150942168,0.2913335986823567,0.27383428753632677
2026-04-15 00:00:00+00:00,42783,9351798.020229,7652280.32234,0.9999766262300447,6812,0.16127408437485355,0.005681995945171068,0.6682900995131802,0.6302082871869683
2026-04-16 00:00:00+00:00,36798,6793300.292315,5552883.417401,1.0,7808,0.11883742102631109,0.005765370753638976,0.4539891798678335,0.43481984662117623
2026-04-17 00:00:00+00:00,27867,4675771.48704,3897447.962736,1.0,8507,0.0830227720871251,0.009788936604550633,0.2666296231606955,0.221595871667998
2026-04-18 00:00:00+00:00,52010,11649890.016123,9391186.446968,1.0,4350,0.18787149543651896,0.0021305713345489783,0.6873927852177287,0.6533132840815775
2026-04-19 00:00:00+00:00,51191,8297970.455997,6806224.312939,0.9999609306323377,13678,0.20725036327932692,0.0011926606673861575,0.661877325578054,0.6317294802194696
2026-04-20 00:00:00+00:00,36516,8262016.1981,6849120.748637,0.9999726147442217,944,0.19121575755459183,0.0007418707654445843,0.598001775657521,0.5724017021917801
2026-04-21 00:00:00+00:00,32499,5735930.757905,4658793.134755,0.9998461491122804,613,0.22383527960664137,0.00188662198215804,0.5799463289084381,0.5412689464252631
2026-04-22 00:00:00+00:00,31826,6028001.765477,4940102.672938,0.9999685791491234,639,0.19969324658985838,0.0026135043793825696,0.46710953571746155,0.429041984881842
2026-04-23 00:00:00+00:00,39359,7242098.855898,5813885.375235,0.9999745928504281,5700,0.16859942691621788,0.002275957553323979,0.562838520704033,0.5206681894180578
2026-04-24 00:00:00+00:00,61201,8991941.4245,7189468.603285,1.0,19714,0.1729259046600121,0.002786326464464615,0.6379526307346889,0.579815164673007
2026-04-25 00:00:00+00:00,70339,23401076.664571,12765639.892139,1.0,1914,0.18226935198915956,0.0006303953232346047,0.8762544175004059,0.8414351446901674
2026-04-26 00:00:00+00:00,99802,27590245.771722,9783049.617685,1.0,10056,0.18547377274867655,0.0004170316301347638,0.8807346199754195,0.8608511184002989
2026-04-27 00:00:00+00:00,58067,17751327.474888,6482365.406079,0.9999827785144747,552,0.2067664200289144,0.000714175904023763,0.8899421432365116,0.8441306384438182
2026-04-28 00:00:00+00:00,69394,20136991.766086,6739563.423075,0.9999855895322363,1565,0.23061081298063774,0.0006789622475302555,0.9130528656011209,0.8888215775560377
2026-04-29 00:00:00+00:00,62683,19237075.900995,6768345.7055,0.9999840467112295,2878,0.2109289484755386,0.0005236940908716237,0.8850648961361824,0.8563673853432898
2026-04-30 00:00:00+00:00,65125,17865838.362799,6659647.477995,0.9999692898272553,10076,0.20322434210860482,0.0008024058075466696,0.8376460947052041,0.8083307293901589
2026-05-01 00:00:00+00:00,72420,13675078.086247,5299403.485891,0.99994476663905,21310,0.2102212817069157,0.0008024221839022412,0.7783990217536177,0.7197928181883883
2026-05-02 00:00:00+00:00,61662,15074119.953314,6167631.593074,0.9999675651130355,594,0.22158685153481616,0.0012055306651586562,0.7600448781259838,0.7180683852438975
2026-05-03 00:00:00+00:00,49670,13738725.726618,5948095.76185,1.0,665,0.20450793336836964,0.0014695250663519822,0.6989971375273979,0.6677702104007939
2026-05-04 00:00:00+00:00,35514,8288165.95198,3701334.265898,0.9999155262713296,580,0.20968617569027098,0.004406574893239798,0.6745244185462336,0.6026287611370517
2026-05-05 00:00:00+00:00,24788,6132632.712179,3075767.447753,0.9999596578989833,588,0.17604127868133912,0.0005183815536004025,0.5101457724260797,0.3602076659898498
2026-05-06 00:00:00+00:00,34782,8970227.651458,4532325.466391,1.0,6606,0.1958211938059892,0.00030857280044058866,0.4796742668687605,0.43231229279266825
2026-05-07 00:00:00+00:00,54047,6372814.864333,3290561.068844,0.9999814975854349,23586,0.16384165585395244,0.0006674299025702476,0.5311627896200128,0.48039061679448625
2026-05-08 00:00:00+00:00,28482,6064197.33675,3918618.70605,0.9999648901060318,5516,0.11018454725239858,0.0008089015390829828,0.2418130238904614,0.2269505390118273
2026-05-09 00:00:00+00:00,24281,2352796.132724,1426639.638982,0.9999588155347803,4779,0.25012436714126235,0.004769157198931985,0.21164431816176138,0.16335241945464607
2026-05-10 00:00:00+00:00,19585,3169102.893823,2496227.27213,0.9998978810314015,1857,0.11916576264692666,0.0015441823834557136,0.07880431564616416,0.031007853781597153
2026-05-11 00:00:00+00:00,16467,4648034.427334,3571918.812,0.999817817453088,839,0.09957643112735523,0.0008824564118714217,0.05936865924727602,0.03315198818425775
2026-05-12 00:00:00+00:00,52435,15962034.570708,7405375.394574,0.9998855726137122,4351,0.17804856397914326,0.00033384245776405685,0.6451663826275138,0.5962081657984334
2026-05-13 00:00:00+00:00,66434,12031774.433313,5719759.069846,0.9995634765331005,9632,0.19931016861157072,0.0002500547676218003,0.5966214664172684,0.5292793436734998
2026-05-14 00:00:00+00:00,66846,14674214.265426,6376745.834249,0.9995661670107411,15352,0.14093272996378475,8.269977629120913e-05,0.6469795752012883,0.5956265288803702
2026-05-15 00:00:00+00:00,53758,9336293.071221,4271727.247424,0.9999441943524685,10304,0.18292887937526403,0.00017391151055497596,0.5893268281415927,0.5399689240299521
2026-05-16 00:00:00+00:00,42182,8974433.309218,4721606.810414,0.9994073301408184,4331,0.15589401851846943,0.0001305947371402468,0.5005781358490536,0.45051997413007755
2026-05-17 00:00:00+00:00,33762,8439359.629876,4467700.112604,0.9994372371305017,1240,0.14767038604264474,0.00035855395998149453,0.4298889133920349,0.40142256681604127
2026-05-18 00:00:00+00:00,47677,13131836.840003,5541439.257818,0.998972250770812,2607,0.1414257089943082,0.0005025914021330844,0.6605695670062116,0.6108622746981348
2026-05-19 00:00:00+00:00,72479,16033005.671453,6936310.483758,0.9999172174009023,13833,0.1606672274548351,0.0001015515924065937,0.6515937567556686,0.6112340951770447
2026-05-20 00:00:00+00:00,82854,21911648.408884,13817692.84436,0.9997948198035098,24278,0.15883018760418557,9.540717430243189e-05,0.7566032247539778,0.7202507016066072
2026-05-21 00:00:00+00:00,84657,28455816.28572,20468712.093575,0.9999527505108851,3756,0.17863864789396186,5.6204485014285115e-05,0.7954009493500395,0.7691733870720763
2026-05-22 00:00:00+00:00,75637,26657129.195489,19067026.679083,0.9996298108068802,1112,0.17608112978250867,0.00018150114232176026,0.8401886338956969,0.8025782253201492
2026-05-23 00:00:00+00:00,110511,38763302.007543,27004991.720966,0.9993122856548217,754,0.20072691315039198,6.900933670406775e-05,0.9722516830259793,0.947746214857848
2026-05-24 00:00:00+00:00,96757,39705590.19141,27685524.742666,0.9999896648304516,744,0.20874638830562275,2.4299633914237446e-05,0.9898531207423744,0.9533998760186092
2026-05-25 00:00:00+00:00,109475,50191410.331351,34939853.80433,0.9996894268097739,11175,0.1938944469821107,9.985559773899056e-06,0.9725203379797941,0.9554057415508521
2026-05-26 00:00:00+00:00,123686,56073662.271985,39186890.32398,0.9997574503177401,9071,0.18256159264836289,2.17220289106842e-05,0.9505149201452582,0.9253720677300812
2026-05-27 00:00:00+00:00,110970,55508667.31788,38884867.241301,0.9998377939983779,9764,0.17260415976328689,2.5440966145211628e-05,0.927350824304477,0.8980560572627775
2026-05-28 00:00:00+00:00,84682,51224091.00333,36609483.137025,0.9998937200349542,1493,0.24124203782740947,3.9286818635184275e-05,0.9232721558478901,0.894410557248856
2026-05-29 00:00:00+00:00,82168,41364284.519128,29277628.636728,0.9997200856781229,733,0.17105699592671597,0.00029805482592836353,0.8297353699569933,0.7906239805715832
2026-05-30 00:00:00+00:00,73364,49232527.106242,34246451.546465,0.9997819093833488,761,0.18263113349020055,3.928048444124679e-05,0.8597599394577367,0.8173211602662233
2026-05-31 00:00:00+00:00,76790,51645796.429,36330157.741249,0.999583279072796,5404,0.18031911672533033,7.224081491567465e-05,0.8417608625200895,0.7944423612140323
2026-06-01 00:00:00+00:00,109793,57707933.25383,41493234.233425,0.9999453517073037,25051,0.16136979288228892,5.1609019576218095e-05,0.8542801493789263,0.809573457884516
2026-06-02 00:00:00+00:00,103207,59603419.758836,42394808.320924,1.0,6660,0.16230711246332227,6.0391836820174697e-05,0.8487459069995306,0.8157613545372777
2026-06-03 00:00:00+00:00,105806,56607603.746239,40581748.594434,0.9997731697635295,3394,0.16856086648252544,7.2858474163447e-05,0.852347958905674,0.8302617225523368
2026-06-04 00:00:00+00:00,73923,29576339.751284,20970388.57067,0.9998647241048118,4373,0.16546723868316193,0.00011790935691589777,0.7964014541202117,0.7732843860682457
2026-06-05 00:00:00+00:00,57008,21320230.926066,14257823.596173,0.9998421274207129,2769,0.2010292580254593,0.00018225552427058038,0.964920266718987,0.9186658167753501
2026-06-06 00:00:00+00:00,50417,20000464.824299,12815709.622254,1.0,386,0.20849077922348497,0.0001718361821183552,0.9430496463525606,0.9190186217327192
2026-06-07 00:00:00+00:00,43946,15848445.644267,10600030.897219,0.9999544896008739,910,0.22054910216159954,0.0002100988371187364,0.9093988990658263,0.8781157499937691
2026-06-08 00:00:00+00:00,46824,14556073.044403,9646712.575978,0.9998505040150351,6967,0.19992094669674373,8.929125293856389e-05,0.8394190471765479,0.8119651088890742
2026-06-09 00:00:00+00:00,48667,15246352.520741,10359139.323704,0.9999794521955329,7849,0.181914110225834,0.000320861627221659,0.664586773068431,0.6458529807340386
2026-06-10 00:00:00+00:00,60603,14694768.719203,9865481.317593,1.0,22857,0.14093918837497896,0.00041547396094922224,0.5106993577062591,0.495151282057819
2026-06-11 00:00:00+00:00,31395,3888229.224603,2579612.799065,0.9998088867654085,3151,0.22386421644157928,0.0033470955785351872,0.4971749927501711,0.4637575205456442
2026-06-12 00:00:00+00:00,47983,16502933.088063,10702334.884698,1.0,1426,0.18323964315090946,0.0,0.87048394128938,0.8369333193315177
2026-06-13 00:00:00+00:00,51849,26225805.204611,18253127.522486,1.0,771,0.13407700673302,0.0,0.5858796691981266,0.569237463694127
2026-06-14 00:00:00+00:00,38794,20980687.865959,13981092.027613001,0.9999742228179616,1256,0.12690482347487603,0.0,0.6145727551693704,0.6002639748727012
2026-06-15 00:00:00+00:00,60943,27600509.273682,20407039.493952,1.0,17577,0.12732946921918054,0.0,0.5883732129715015,0.5502691965594992
2026-06-16 00:00:00+00:00,52830,24008058.435461,16904805.173225,1.0,13668,0.1079355694196619,0.0,0.47930539154650476,0.4505144281131792
2026-06-17 00:00:00+00:00,48488,22090796.130735,15535427.285476,0.9999587526810757,9608,0.10620847286787835,0.0,0.4392335770456075,0.41451387950210256
2026-06-18 00:00:00+00:00,31584,18299744.696063,13192626.388438,0.9999683383991894,880,0.10865489101210107,0.0,0.32237361129394254,0.3052859199755891
2026-06-19 00:00:00+00:00,35132,17458397.863828,11827708.773825,1.0,630,0.13553496547870927,0.0,0.6395557715336533,0.6108558145681212
2026-06-20 00:00:00+00:00,27081,14906630.899241,10301138.227773,1.0,642,0.14202710906377905,0.0,0.5605530965736503,0.5378332929483224
2026-06-21 00:00:00+00:00,23552,9553627.899645,6543301.734694,0.9999575407608695,680,0.1285343323803337,0.0,0.46582608840358625,0.4488707768486408
2026-06-22 00:00:00+00:00,19050,6749704.383697,4737937.669589,1.0,759,0.19283106577878062,0.0,0.48944041701757296,0.4856888951989047
2026-06-23 00:00:00+00:00,25867,3413640.396452,2300397.811705,1.0,7831,0.28520254130645945,0.0,0.6785181895129853,0.6584876349637806
2026-06-24 00:00:00+00:00,57237,10366672.158034,7172685.537211,1.0,24681,0.22452343317543602,0.0,0.8868813623308031,0.8603394318765094
2026-06-25 00:00:00+00:00,31785,9043660.168156,6185118.350908,1.0,637,0.24752280463634807,0.0,0.8893821847436822,0.8363629180499441
2026-06-26 00:00:00+00:00,31553,7732586.600877,5194057.511458,0.999968307292492,688,0.25969273651565045,0.0,0.8553068038247249,0.8390190915729518
2026-06-27 00:00:00+00:00,35956,9081882.959701,6358952.678231,1.0,702,0.2615380645174269,0.0,0.8302203924027706,0.7807434472786844
2026-06-28 00:00:00+00:00,30766,7525866.225454,5013494.709815,0.9999024897614249,715,0.2879980433773587,0.0,0.7733827625187271,0.7624652453574992
2026-06-29 00:00:00+00:00,30037,6026631.592175,4165955.041243,1.0,4325,0.24889631315785316,0.0,0.7167580755605887,0.7120291778702099
2026-06-30 00:00:00+00:00,16832,1182986.591579,799763.913715,0.9998217680608364,1694,0.647593743741803,0.0,0.23034642366257335,0.12893057757689258
2026-07-01 00:00:00+00:00,67496,21912826.693996,15214263.929083,0.9998222116866184,22471,0.18775040535869128,0.0,0.7319864597502086,0.7085406434708206
2026-07-02 00:00:00+00:00,38112,18242098.485887,12515375.311809,1.0,1192,0.1489255034502629,0.0,0.616040105585998,0.6071271651111514
2026-07-03 00:00:00+00:00,31182,17180188.983146,11899499.599434,1.0,1335,0.13299542473543247,0.0,0.46664082462688644,0.4541151818073222
2026-07-04 00:00:00+00:00,26695,12143319.841086,8379447.886975,0.9998876194043829,1201,0.15266493831675326,0.0,0.5267524305160645,0.5215505899295819
2026-07-05 00:00:00+00:00,20886,8055244.407206,5570417.467764,0.9999042420760318,1131,0.1589337744184054,0.0,0.5658823869840934,0.5649584117245915
2026-07-06 00:00:00+00:00,17372,5259262.678437,3698155.269584,0.9999424361040755,1115,0.19314308442222222,0.0,0.5205925548949165,0.5342696897543181
2026-07-07 00:00:00+00:00,11258,1415890.692411,1085755.278772,0.9999111742760703,996,0.3565070264290399,0.0,0.1667493210941075,0.17997171894575295
2026-07-08 00:00:00+00:00,34060,4288458.897031,3122943.058548,0.9997651203758074,827,0.19950986159441678,0.0,0.6883481243855936,0.711359402072275
2026-07-09 00:00:00+00:00,19711,3493049.2012320003,2341849.910433,0.9998985338136066,1001,0.1849363121697966,0.0,0.7063841443964587,0.7211633667886861
2026-07-10 00:00:00+00:00,49013,9413314.686128,6221894.505852,0.9999387917491278,17800,0.19178258968457818,0.0,0.7854914749619852,0.7646566069542237
2026-07-11 00:00:00+00:00,39800,13674581.25476,9826071.410591,0.9999748743718593,6391,0.15404697824039304,0.0,0.5670622763093959,0.5508152711318395
2026-07-12 00:00:00+00:00,20060,10873160.318814,7285041.1569260005,0.998654037886341,1219,0.12045336300949142,0.0,0.43088408319965144,0.42667215391656554
2026-07-13 00:00:00+00:00,15053,4402343.689206,3152329.49659,1.0,928,0.2932496804468804,0.0,0.7728108164868454,0.7959527131534535
2026-07-14 00:00:00+00:00,16890,3578638.653113,2595601.369941,0.9997631734754292,1128,0.2888962640212825,0.0,0.7469326275104079,0.7712727412883745
2026-07-15 00:00:00+00:00,20570,2595540.896038,1813755.377756,0.9997569275644141,1052,0.3049213754566913,0.0,0.6940793457798883,0.7164079392524342
2026-07-16 00:00:00+00:00,34348,5355126.71397,3656171.07468,0.9999708862233609,9238,0.2118607806815859,0.0,0.7959970810285256,0.7964710152180526
2026-07-17 00:00:00+00:00,42293,6532075.669383,4739365.33696,0.9999527108504953,13435,0.18858900682581334,0.0,0.8215315548320776,0.8159533025264148
2026-07-18 00:00:00+00:00,29748,5960211.706604,3942219.837102,1.0,1105,0.16274227993030013,0.0,0.9148197026024311,0.9174793767436928
2026-07-19 00:00:00+00:00,25910,5172258.111714,3493699.110856,0.9999228097259746,1281,0.15659156826003837,0.0,0.8707265102643099,0.884207334031899
2026-07-20 00:00:00+00:00,16637,4007840.161415,2876636.127588,1.0,464,0.276369107054144,0.0,0.8025757883144609,0.7508306171323396
2026-07-21 00:00:00+00:00,15088,3552783.642161,2621747.737329,1.0,461,0.2989432993893159,0.0,0.6875735653751078,0.6048053212829521
2026-07-22 00:00:00+00:00,54960,11012553.229944,7352006.074025,1.0,12083,0.1578630279737445,0.0,0.9053237180950905,0.8900923852782
2026-07-23 00:00:00+00:00,45017,9996107.510947,7006626.934168,0.9999777861696693,8775,0.1364686677362241,0.0,0.828145315798604,0.8172516170372364
2026-07-24 00:00:00+00:00,32695,6677504.493154,4367810.69554,0.9998776571341184,1160,0.1856056220224421,0.0,0.88416393867035,0.8931076664106651
2026-07-25 00:00:00+00:00,25268,5124610.537286,3248241.235131,0.9998812727560551,417,0.17793773253838777,0.0,0.9269834050518564,0.9237713822929098
2026-07-26 00:00:00+00:00,22312,5078280.988445,3310736.569715,0.9996414485478666,417,0.20324540411233658,0.0,0.9393846741156289,0.9515294873108486
2026-07-27 00:00:00+00:00,16432,3832274.958076,2639806.537091,1.0,458,0.21324060641261366,0.0,0.8149603344134743,0.833039561479239
2026-07-28 00:00:00+00:00,25819,3822869.366799,2575561.36286,0.9999612688330299,445,0.1937799651051874,0.0,0.6706307061223724,0.7130746019837324
2026-07-29 00:00:00+00:00,19216,3429086.593621,2352463.098605,0.9998438800999168,1970,0.24814532318560253,0.0,0.7783351783536175,0.8052423439934824
2026-07-30 00:00:00+00:00,13019,1987817.793192,1201796.342684,1.0,421,0.28466898375446,0.0,0.6898591277815105,0.7326162660559995
2026-07-31 00:00:00+00:00,30844,5573679.498591,3673800.855855,0.9999675787835559,391,0.1732175523806246,0.0,0.9250883974023711,0.9350995433734672
2026-08-01 00:00:00+00:00,36735,5607796.644851,3548986.936572,0.999891112018511,7249,0.2270289037539319,0.0,0.9319426388659391,0.8852054336967483
2026-08-02 00:00:00+00:00,34981,3976815.255323,2493505.826646,0.9998856522112004,12644,0.21992795172237975,0.0,0.918974055142567,0.9256218434856673
2026-08-03 00:00:00+00:00,19712,3352772.228148,2275202.9134,1.0,377,0.27992639875194375,0.0,0.9063321697729904,0.9256960889008524
2026-08-04 00:00:00+00:00,31830,6368816.234031,4126473.546022,0.9999371661954132,2197,0.195218796254712,0.0,0.9344846581940224,0.9384670535579325
2026-08-05 00:00:00+00:00,18963,1256003.523196,916821.061752,0.9999472657279966,10256,0.5541854982272049,0.0,0.4261998243315953,0.4295944280100555
2026-08-06 00:00:00+00:00,34743,5973924.202186,3821661.024817,0.9999136516708401,6348,0.22693763201906952,0.0,0.888028871420024,0.8957096910846273
2026-08-07 00:00:00+00:00,37185,5676891.872549,3698535.716508,1.0,1065,0.2009150484431136,0.0,0.8965690901249533,0.8815945875642185
2026-08-08 00:00:00+00:00,20814,5062491.387554,3252173.677906,1.0,356,0.21709247302720017,0.0,0.9202244957724004,0.9401930497378509
2026-08-09 00:00:00+00:00,17608,4103067.67619,2651539.09403,1.0,329,0.2120727291509111,0.0,0.9380094571729843,0.9409423515426854
2026-08-10 00:00:00+00:00,17655,4379726.205127,3103410.876258,1.0,375,0.26153305939104593,0.0,0.8604958074153672,0.8739919879912912
2026-08-11 00:00:00+00:00,14267,3416808.340832,2464206.004378,0.9999299081797154,370,0.2537242083636747,0.0,0.780595781785508,0.7771535364252851
2026-08-12 00:00:00+00:00,8210,1400426.149525,955955.123383,1.0,1303,0.3357663116755488,0.0,0.411273323590362,0.4594737146494658
2026-08-13 00:00:00+00:00,27662,5081200.016615,3393767.270485,0.9999638493239824,7998,0.21334658770669257,0.0,0.7740644994607413,0.780209386121255
2026-08-14 00:00:00+00:00,24071,4333677.649002,3092690.643832,0.9999584562336421,8318,0.178460954329426,0.0,0.65605866758312,0.6689265304735087
2026-08-15 00:00:00+00:00,22083,5142100.80865,3455454.91924,1.0,441,0.2551070745818176,0.0,0.8596632211001995,0.8592633810846089
2026-08-16 00:00:00+00:00,17624,3305232.260594,2253235.304697,1.0,330,0.27717838487615265,0.0,0.8758195597742239,0.9020441184475749
2026-08-17 00:00:00+00:00,13329,2729179.35161,1970580.462347,1.0,332,0.2621474366171438,0.0,0.7208316568562858,0.7134345233554807
2026-08-18 00:00:00+00:00,9682,1518910.774504,976362.636742,1.0,2324,0.30343298088098875,0.0,0.7283652164237685,0.8148529860993099
2026-08-19 00:00:00+00:00,11596,879717.376701,648454.907228,0.9987926871334943,5707,0.44568021205889913,0.0,0.4792389065486113,0.5708580948642402
2026-08-20 00:00:00+00:00,13187,1686109.803542,1170941.75091,0.999696670963828,5370,0.43235498836943986,0.0,0.44569764093141445,0.502286605593183
2026-08-21 00:00:00+00:00,15567,2919280.250151,2221783.853214,0.9999357615468619,3829,0.27019471784498955,0.0,0.6963814312887043,0.7231290427840243
2026-08-22 00:00:00+00:00,6593,1934595.255418,1393330.127565,0.9998483239799788,621,0.3760109237127367,0.0,0.44427701277200343,0.45586211718039676
2026-08-23 00:00:00+00:00,10394,3230559.642021,2301752.688892,1.0,338,0.29125584891272027,0.0,0.7167912794054979,0.667909733214569
2026-08-24 00:00:00+00:00,7480,1869349.781102,1284475.405132,1.0,341,0.29561284414853306,0.0,0.6275129500309357,0.6702707216770109
2026-08-25 00:00:00+00:00,9082,1654375.477073,1135478.238148,1.0,326,0.3107337104691115,0.0,0.8273931269059788,0.8669700858212196
2026-08-26 00:00:00+00:00,11739,1830480.548761,1266148.568741,1.0,3229,0.3788497206156572,0.0,0.8183814929986416,0.8364327112551619
2026-08-27 00:00:00+00:00,14398,1597193.217918,1031538.36836,1.0,7185,0.35054725015038524,0.0,0.665994460824596,0.7230598666014314
2026-08-28 00:00:00+00:00,10237,1238628.416033,917204.96765,1.0,3758,0.3772451612215805,0.0,0.6725910189717499,0.7518619771110503
2026-08-29 00:00:00+00:00,7867,1999713.101031,1434904.520038,1.0,373,0.38149666049928704,0.0,0.5151217226785729,0.556315737467509
2026-08-30 00:00:00+00:00,5781,1483412.024197,1095505.413587,1.0,405,0.47667666836041145,0.0,0.33800625909812143,0.4220890534603408
2026-08-31 00:00:00+00:00,4814,1179251.9999,942461.660516,1.0,385,0.3903364056529338,0.0,0.28211380061785896,0.358295768872836
2026-09-01 00:00:00+00:00,14136,1920376.750983,1512294.584406,1.0,7263,0.24084012044160305,0.0,0.47702764776395146,0.5440947530116967
2026-09-02 00:00:00+00:00,10672,2014978.885621,1472623.728914,1.0,5381,0.1954272286970589,0.0,0.31652557761836675,0.34098896733339507
2026-09-03 00:00:00+00:00,7171,1633373.344281,1171651.696234,1.0,3698,0.29972880126527657,0.0,0.12958020084083602,0.09628151195171267
2026-09-04 00:00:00+00:00,5412,1710391.091409,1158878.560366,1.0,372,0.27211396173526103,0.0,0.3132730051929809,0.39222031859822276
2026-09-05 00:00:00+00:00,4310,1500952.918572,1003139.976759,1.0,323,0.2782528847722587,0.0,0.26917965792517234,0.30875466052819406
2026-09-06 00:00:00+00:00,3537,1039913.684296,733128.603627,1.0,278,0.5789657729214246,0.0,0.23520303727475508,0.3340559850336765
2026-09-07 00:00:00+00:00,21553,2873151.187379,1840385.154084,1.0,388,0.1457363917497064,0.0,0.891236471311115,0.9213756705403051
2026-09-08 00:00:00+00:00,18170,2054643.559516,1261262.525181,1.0,395,0.20287916099578535,0.0,0.8982005507314024,0.9287934243327032
2026-09-09 00:00:00+00:00,19792,2395373.841787,1510402.28566,1.0,439,0.19227628342927144,0.0,0.8418210890666926,0.8722322694209689
2026-09-10 00:00:00+00:00,17141,2227662.583401,1342254.521227,1.0,426,0.14276080043256395,0.0,0.7377441662987094,0.763114086975034
2026-09-11 00:00:00+00:00,12297,1800918.340383,1207288.219809,0.9999186793526876,442,0.1881301691491165,0.0,0.6111494395120268,0.6634903823234335
2026-09-12 00:00:00+00:00,15253,2397055.054217,1557946.890317,1.0,425,0.20653722768237326,0.0,0.6092351915396582,0.6440475468665401
2026-09-13 00:00:00+00:00,11704,2047791.471163,1497602.708655,1.0,412,0.244408847799211,0.0,0.47396463211206713,0.5273909856703546
2026-09-14 00:00:00+00:00,12070,1749187.798803,1201734.192727,1.0,445,0.19755600812930127,0.0,0.6123419474341024,0.6077824413119137
2026-09-15 00:00:00+00:00,10180,1074455.712464,648107.274746,1.0,391,0.22376267609546116,0.0,0.8303405559881485,0.901240896640907
2026-09-16 00:00:00+00:00,8463,901008.366159,529617.2078110001,1.0,381,0.2821089712452733,0.0,0.6935673960986538,0.7660723954234566
2026-09-17 00:00:00+00:00,7224,689562.034662,403094.172741,1.0,346,0.3209371519539599,0.0,0.665494725539722,0.7516731549599674
2026-09-18 00:00:00+00:00,8897,771057.307856,414039.677545,1.0,381,0.2251362735704978,0.0,0.733622467794108,0.7682988246071264
2026-09-19 00:00:00+00:00,9585,1264487.209005,675173.830076,1.0,381,0.23569222834172732,0.0,0.7012660350085784,0.842839719274919
2026-09-20 00:00:00+00:00,4241,291871.761611,136570.274136,1.0,357,0.43391677942895224,0.0,0.2054480803179559,0.40780237991859974
2026-09-21 00:00:00+00:00,9228,989974.97874,549736.278775,1.0,334,0.21101334375731076,0.0,0.7875324111648668,0.8907113922245755
2026-09-22 00:00:00+00:00,8777,733993.341815,397989.854837,1.0,327,0.318705366484047,0.0,0.7432009892570554,0.8409864370691833
2026-09-23 00:00:00+00:00,8133,734574.317681,398928.980019,1.0,341,0.24166717066889318,0.0,0.7444117454668043,0.8126950683480738
2026-09-24 00:00:00+00:00,7306,639270.208697,335975.980841,1.0,377,0.33260736791315115,0.0,0.7056621047920842,0.7002573225615115
2026-09-25 00:00:00+00:00,7301,580455.610247,300969.341647,0.9997260649226133,379,0.38507001381274913,0.0,0.538113101994287,0.6720201424532894
2026-09-26 00:00:00+00:00,5312,579877.06028,239085.108232,1.0,299,0.3856870606021346,0.0,0.5344077507228271,0.5963588759210781
2026-09-27 00:00:00+00:00,3881,231400.228982,78367.587781,1.0,250,0.6880311527279629,0.0,0.16930723631672606,0.08952502666542932
2026-09-28 00:00:00+00:00,2876,245894.190468,129625.175101,1.0,291,0.30567376785496503,0.0,0.3663950113848853,0.7264125238605229
