week,amm_flashloan,amm_other,orderbook_9Ns5,orderbook_AE2J,orderbook_other
2024-04-22,0.0,0.7905481945154467,0.0,0.0,0.0
2024-04-29,0.0,1.75685943151423,0.0,0.0,0.0
2024-05-06,0.0,1.7119162957677578,0.0,0.0,0.0
2024-05-13,0.0,8860.470388212982,0.0,0.0,0.0
2024-05-20,0.0,318956.8785685575,0.0,0.0,0.0
2024-05-27,0.0,241709.50252883785,0.0,0.0,0.0
2024-06-03,0.0,0.008412375653134132,0.0,0.0,0.0
2024-06-10,0.0,0.2901772660200493,0.0,0.0,0.0
2024-06-17,0.0,586.8585719341133,0.0,0.0,0.0
2024-06-24,0.0,3496.3598142097158,0.0,0.0,0.0
2024-07-01,0.0,6215.871511651279,0.0,0.0,0.0
2024-07-08,0.0,1273760.2534203765,0.0,0.0,0.0
2024-07-15,0.0,476828.1009527144,0.0,0.0,0.0
2024-07-22,0.0,42173.90350571231,0.0,0.0,0.0
2024-07-29,0.0,5957.7567989419695,0.0,0.0,0.0
2024-08-05,0.0,44336.21352281315,0.0,0.0,0.0
2024-08-12,0.0,13513.619058871034,0.0,0.0,0.0
2024-08-19,0.0,4344.208378646785,0.0,0.0,0.0
2024-08-26,0.0,315722.2252924562,0.0,0.0,0.0
2024-09-02,0.0,1967732.7650616658,0.0,0.0,0.0
2024-09-09,0.0,2174820.9691673554,0.0,0.0,0.0
2024-09-16,0.0,1789460.962728264,0.0,0.0,0.0
2024-09-23,0.0,1963897.4419438094,0.0,0.0,0.0
2024-09-30,0.0,5723794.214695031,0.0,0.0,0.0
2024-10-07,0.0,4556180.428297799,0.0,0.0,0.0
2024-10-14,0.0,3403754.2501713275,0.0,0.0,0.0
2024-10-21,0.0,3272408.66670174,0.0,0.0,0.0
2024-10-28,0.0,4043312.737281514,0.0,0.0,0.0
2024-11-04,0.0,3068601.021155601,0.0,0.0,0.0
2024-11-11,0.0,2854193.458708566,0.0,0.0,0.0
2024-11-18,0.0,1300703.913698885,0.0,0.0,0.0
2024-11-25,0.0,1904392.6621358395,0.0,0.0,0.0
2024-12-02,0.0,3399714.982970327,0.0,0.0,0.0
2024-12-09,0.0,1871775.831659121,0.0,0.0,0.0
2024-12-16,0.0,877072.7071591713,0.0,0.0,0.0
2024-12-23,0.0,3854260.5856296252,0.0,0.0,0.0
2024-12-30,0.0,4597514.701880418,0.0,0.0,0.0
2025-01-06,0.0,4026370.17227934,0.0,0.0,0.0
2025-01-13,0.0,3772545.816493715,0.0,0.0,0.0
2025-01-20,0.0,3207110.287684214,0.0,0.0,0.0
2025-01-27,0.0,3021358.1960043604,0.0,0.0,0.0
2025-02-03,0.0,499695.35336728685,0.0,0.0,3164.288354
2025-02-10,0.0,515186.392876552,0.0,0.0,24714.182477
2025-02-17,0.0,535742.0069026124,0.0,0.0,76656.237676
2025-02-24,0.0,378311.91327478824,0.0,0.0,356047.930593
2025-03-03,0.0,472365.83705379046,0.0,0.0,31702.850762000002
2025-03-10,0.0,325859.4978522424,0.0,0.0,145152.102329
2025-03-17,0.0,400972.55432877067,0.0,0.0,93034.093161
2025-03-24,0.0,3865059.8302515014,0.0,0.0,90202.523281
2025-03-31,0.0,3935439.9350978914,0.0,0.0,214127.192656
2025-04-07,0.0,6922068.666074,0.0,0.0,267213.908776
2025-04-14,0.0,7227685.681537,0.0,0.0,137161.090567
2025-04-21,0.0,7058008.958664,0.0,0.0,171047.300266
2025-04-28,0.0,5662369.73201,0.0,0.0,190760.236593
2025-05-05,0.0,5739024.184184,0.0,0.0,93925.011434
2025-05-12,0.0,6215820.13913,0.0,0.0,98128.622269
2025-05-19,0.0,5926596.844825,0.0,0.0,147959.777738
2025-05-26,0.0,4819601.513633,0.0,0.0,219502.227806
2025-06-02,0.0,4130511.042059,0.0,0.0,226920.925541
2025-06-09,0.0,4277936.592964,0.0,0.0,205159.610338
2025-06-16,0.0,4513399.8157130005,0.0,0.0,216102.739882
2025-06-23,0.0,4086246.754531,0.0,0.0,213498.003467
2025-06-30,0.0,2865727.997848,0.0,0.0,311287.650267
2025-07-07,0.0,2196602.611512,0.0,0.0,280975.482888
2025-07-14,0.0,780484.120562,0.0,0.0,277180.865534
2025-07-21,0.0,463330.728988,0.0,0.0,408741.107913
2025-07-28,0.0,652568.595413,0.0,0.0,434739.965325
2025-08-04,1107.7573849999999,770301.919586,0.0,0.0,402044.973958
2025-08-11,653.335924,699872.455728,0.0,0.0,385273.265586
2025-08-18,442.693987,714024.224715,0.0,0.0,551015.491499
2025-08-25,281.59243299999997,739752.02261,0.0,0.0,982196.338424
2025-09-01,193.289132,2220325.180769,0.0,0.0,724693.445881
2025-09-08,198.106919,5250860.709033,0.0,0.0,3446645.078554
2025-09-15,2603.777485,22277654.060285,0.0,1787409.004361,31982799.933828
2025-09-22,2015.89473,10771510.524688,0.0,271035.727733,23803760.337168
2025-09-29,2295.098192,17590499.937941,0.0,0.0,17816680.552935
2025-10-06,4991.83917,11556207.144575,0.0,0.0,36058056.90552
2025-10-13,116034.24179,9974403.274758,0.0,0.0,14879821.826741
2025-10-20,45355.984772,7713521.367109,0.0,0.0,5113360.085231
2025-10-27,151897.026481,8902558.933841,0.0,2398.0,10117610.81557
2025-11-03,527884.436518,7870537.621833,0.0,368675.579041,8507130.724917
2025-11-10,287613.008862,6859200.350153,0.0,669853.848555,6546325.755201
2025-11-17,258137.328988,7496711.951428,0.0,296672.32285,11375323.794285
2025-11-24,306820.248575,4696034.446269,0.0,25978362.624898,16091931.640077
2025-12-01,166955.406802,3253590.371543,0.0,39.0,21217980.504793
2025-12-08,88892.674053,5242280.921836,0.0,0.0,32991012.152851
2025-12-15,73379.308399,2763546.63858,0.0,897916.32,8568720.753994
2025-12-22,6324215.790832,3759278.101533,0.0,24869412.733649,4079160.420697
2025-12-29,6257370.285138,4414569.376987,0.0,4054131.634116,4875946.330224
2026-01-05,3397980.445407,4805687.568431,0.0,211851.994,6790773.345134
2026-01-12,604758.74553,3228925.709089,0.0,12232682.335042,5712191.177939
2026-01-19,683713.929959,3275299.538216,0.0,51076090.010455,5088706.734863
2026-01-26,733891.632952,1280859.456809,0.0,102166150.549799,1512124.281965
2026-02-02,170623.621412,446458.987151,0.0,66915090.424699,1787109.021362
2026-02-09,23556.176313,220788.119471,0.0,106790914.434429,2500468.608832
2026-02-16,283414.895228,292265.747291,70347109.917128,29323546.03927,1405832.313934
2026-02-23,361623.967031,236996.400879,94354716.534341,1914934.281228,5437821.221095
2026-03-02,552646.553393,236615.786419,133392967.019402,1066435.431,10128344.258765
2026-03-09,18085853.70697,330962.627621,111092327.826077,0.0,15346193.293219
2026-03-16,12895875.296248,468415.412388,77513468.089543,0.0,18743038.358412
2026-03-23,40355356.880459,539974.430486,47379555.314838,0.0,18760848.932102
2026-03-30,43636216.884877004,355132.736357,15966439.714113,0.0,13530885.234225
2026-04-06,250205272.218026,362734.051885,20247525.604229,0.0,15501650.59099
2026-04-13,595666710.2244639,338134.234782,24453095.999248,0.0,23526838.59647
2026-04-20,309699758.357902,356037.673642,63919335.503724,0.0,23331975.934449
2026-04-27,378721778.17098,726589.589729,96311044.250654,0.0,21168113.020293
2026-05-04,558737513.890653,306002.788218,17099418.872168,0.0,24250518.671079
2026-05-11,271360080.858754,540476.28335,38625482.941,0.0,35440660.766096
2026-05-18,733237.021973,1299139.756883,155244844.856,0.0,29413483.744502
2026-05-25,478548.55473,316368.02823,319600159.328375,0.0,35640279.650541
2026-06-01,0.0,338427.074668,222437774.196203,0.0,38226663.708618
2026-06-08,0.0,672726.866044,72765654.608766,0.0,39329195.058817
2026-06-15,0.0,557170.93297,64061308.290239,0.0,69856456.908416
2026-06-22,0.0,615704.133636,41739654.652161,0.0,12174358.24021
2026-06-29,0.0,805816.095353,49033794.65563,0.0,35709501.939445
2026-07-06,0.0,16541436.776728,27452957.3787,0.0,20964760.350113
2026-07-13,0.0,3087412.962065,15499708.481546,9778991.534021,8317495.424461
2026-07-20,0.0,151144.189811,27497643.148359,8308794.605203,9643242.80979
2026-07-27,0.0,20496.924835,19520306.922226,2318526.886,6391506.302227
2026-08-03,0.0,11414.945857,23640568.055041,1931422.626498,6221976.442315
2026-08-10,0.0,13019.554699,18985795.40291,516879.761,7556496.266435
2026-08-17,0.0,10597.969774,8047860.083122,58008.083,6792484.287825
2026-08-24,0.0,6310.088725,6170635.03,15407.833,5487109.703115
2026-08-31,0.0,4143.504653,2524357.323,0.0,8474881.352062
2026-09-07,0.0,757.912717,7858014.124961,2635200.130836,5303381.782049
2026-09-14,0.0,1858.544505,3888934.768533,662540.293513,2190155.128514
2026-09-21,0.0,5015.656472,2676632.31125,278316.269,1534597.166192
2026-09-28,0.0,0.0,132802.624,17265.535,95826.031468
