id,date,kind,end,value,text,source,onchain_notional,onchain_usd,onchain_notional_ex_flashloan,onchain_usd_ex_flashloan,onchain_orderbook_notional,onchain_amm_notional,onchain_unpriced_trades,best_ratio,best_ratio_ex_flashloan,a,b,start
L1,2025-07-01,cumulative,2025-07-01,250000000.0,over $250M in bets on unique contracts,https://www.mexc.com/news/29350,150676982.78569463,267822169.23224664,150676982.78569463,267822169.23224664,3257595.399817,147419387.3858776,161.0,0.9334552128999006,0.9334552128999006,,,
L2,2025-10-20,cumulative,2025-10-20,500000000.0,surpassed $500M in total trading volume,https://chainwire.org/2025/10/20/limitless-prediction-market-closes-10m-seed-round-ahead-of-lmts-token-launch/,374596828.7463037,403000160.92081934,374461707.2958437,402889952.93733656,138026538.81008098,236570289.9362226,161.0,1.2406942936636667,1.2410336776945328,,,
L3,2025-10-20,growth,,25.0,trading volume grew 25x between August and September,https://chainwire.org/2025/10/20/limitless-prediction-market-closes-10m-seed-round-ahead-of-lmts-token-launch/,19.028652673972037,13.663585477217376,19.03543365205687,13.668655475834727,,,,1.3138082043084296,,"('2025-08-01', '2025-09-01')","('2025-09-01', '2025-10-01')",
L4,2025-10-20,window,2025-10-16,100000000.0,"$100M+ notional volume by mid-October, surpassing September",https://chainwire.org/2025/10/20/limitless-prediction-market-closes-10m-seed-round-ahead-of-lmts-token-launch/,93053304.612947,73037186.461452,93006604.45579298,72999696.65452501,63898203.92632301,29155100.68662401,0.0,1.0746528607011605,1.0751924617087925,,,2025-10-01
L5,2026-04-20,window,2026-04-01,1000000000.0,"crossed $1B monthly notional volume (month not named; compared with March, the last full month before publication)",https://bitcoinfoundation.org/news/prediction-markets/prediction-market-limitless-volume-base/,538472025.9440988,377981462.121229,461942117.32168007,370703636.56874305,460206647.52022505,78265378.42387398,0.0,1.857106686734019,2.1647733828600773,,,2026-03-01
L6,2026-05-01,window,2026-05-01,1500000000.0,over $1.5B monthly volume in April (CEO),https://x.com/cjhtech/status/2050266878749331653,1657453977.7689,275289770.66977805,263472151.29760897,160530004.06999403,261797264.32422802,1395656713.4446719,0.0,0.9050025039121455,5.693201321704973,,,2026-04-01
L7,2026-05-05,window,2026-05-01,1660000000.0,"$1.66B April notional (Dune, as reported)",https://defirate.com/news/limitless-files-cftc-approval-after-record-1-66b-month/,1657453977.7689,275289770.66977805,263472151.29760897,160530004.06999403,261797264.32422802,1395656713.4446719,0.0,1.001536104329441,6.300476129353504,,,2026-04-01
L8,2026-05-05,cumulative,2026-05-01,3900000000.0,"about $3.9B cumulative notional (Dune, as reported)",https://defirate.com/news/limitless-files-cftc-approval-after-record-1-66b-month/,3407019068.6641693,1652450171.771196,1915318427.8999052,1522826687.38183,1599108776.2821207,1807910292.3820515,161.0,1.144695677188892,2.0362149411762536,,,
L9,2026-05-25,window,2026-05-26,4000000000.0,Season 3: $4B traded volume,https://x.com/trylimitless/status/2059026219593544133,4077180817.3005695,1343993103.1909873,1594478838.3882036,1147272393.4904635,1586101720.7820313,2491079096.5185375,0.0,0.981070052872546,2.508656686872962,,,2026-01-26
L10,2026-06-17,window,2026-06-01,2000000000.0,"close to $2B monthly volume (Bernstein's figure, from a call with the CEO)",https://www.theblock.co/post/405086/limitless-ceo-no-prediction-market-platform-will-dominate-perpetual-futures-precedent,1711275398.6912327,522269833.4292692,700590849.4802046,448124157.7045621,697802772.59594,1013472626.0952921,0.0,1.168718957526989,2.854733260481317,,,2026-05-01
