group,price_cent,contracts
AE2J_edge,0,11980750.563609
AE2J_edge,1,9852.738248
AE2J_edge,2,3609.692989
AE2J_edge,3,3908.916362
AE2J_edge,4,1275.5613720000001
AE2J_edge,5,4978.381428000001
AE2J_edge,6,5876.585614
AE2J_edge,7,3936.9758580000002
AE2J_edge,8,3707.594758
AE2J_edge,9,3662.762184
AE2J_edge,10,17289.170626
AE2J_edge,11,21601.548429000002
AE2J_edge,12,20242.353584
AE2J_edge,13,19847.201183999998
AE2J_edge,14,23532.387183000003
AE2J_edge,15,25722.990908
AE2J_edge,16,20657.155625
AE2J_edge,17,20823.719405000003
AE2J_edge,18,26921.417040999997
AE2J_edge,19,24801.24065
AE2J_edge,20,27771.890711999997
AE2J_edge,21,28890.969012
AE2J_edge,22,30340.878337000002
AE2J_edge,23,27105.704273
AE2J_edge,24,25187.726094
AE2J_edge,25,26423.734724999995
AE2J_edge,26,27897.343153
AE2J_edge,27,29321.681479
AE2J_edge,33,13437.137892
AE2J_edge,34,17156.188476
AE2J_edge,35,16039.443282999999
AE2J_edge,36,13691.685851
AE2J_edge,38,15757.529995
AE2J_edge,40,20648.102610999995
AE2J_edge,50,21920.831733999996
AE2J_edge,57,19765.282588000002
AE2J_edge,60,18806.036760999996
AE2J_edge,61,16572.136354000002
AE2J_edge,64,15588.297451999997
AE2J_edge,65,17227.797846999994
AE2J_edge,66,17928.597777000003
AE2J_edge,67,17420.479267
AE2J_edge,68,15274.709526
AE2J_edge,69,13922.330377999999
AE2J_edge,70,23914.362051999997
AE2J_edge,71,25613.565894000003
AE2J_edge,72,29447.642932
AE2J_edge,73,27270.513195
AE2J_edge,74,25824.304165
AE2J_edge,75,32179.539391000002
AE2J_edge,77,41534.840707
AE2J_edge,79,22832.936706
AE2J_edge,81,25405.958799999997
AE2J_edge,82,25779.961407
AE2J_edge,83,32249.080674
AE2J_edge,85,28812.032525999995
AE2J_edge,86,44848.491782
AE2J_edge,87,109933.02762199998
AE2J_edge,88,35331.07263200001
AE2J_edge,89,26745.57334
AE2J_edge,90,18236.831662999997
AE2J_edge,91,13819.847147
AE2J_edge,92,11876.367185000003
AE2J_edge,93,12252.403758000002
AE2J_edge,94,18421.137788
AE2J_edge,95,6430.071860999999
AE2J_edge,96,3333.000023
AE2J_edge,97,3208.518622
AE2J_edge,98,1199.3919620000001
AE2J_edge,99,40859.429657
AE2J_inside,0,1786295.970628
AE2J_inside,1,96646.1606
AE2J_inside,2,34953.0
AE2J_inside,3,121269.830578
AE2J_inside,4,14705.0
AE2J_inside,5,13157.435
AE2J_inside,6,15059.847
AE2J_inside,7,15710.4979
AE2J_inside,13,29117.835254
AE2J_inside,27,36638.944
AE2J_inside,94,313011.659325
AE2J_inside,95,39121.038
AE2J_inside,96,680.8888440000001
AE2J_inside,97,373.993846
AE2J_inside,98,369.43877399999997
AE2J_inside,99,4421.766924
other,0,83920307.95152998
other,1,13703716.254749
other,2,5946518.529732
other,3,4607926.866029999
other,4,2640344.5418640003
other,5,2939883.282739
other,6,1866462.8385530005
other,7,1661640.225253
other,8,1597905.6625440004
other,9,1185160.06091
other,10,1913476.2967889993
other,11,1363630.5040640002
other,12,1444554.1274810003
other,13,1436875.5865590007
other,14,1003519.1432869999
other,15,2072160.4361359996
other,16,1182370.683795
other,17,1101637.6427370002
other,18,1225156.880937
other,19,970085.700733
other,20,1569775.1095740004
other,21,1269709.7542710002
other,22,1050822.105057
other,23,940679.5076259999
other,24,939574.2182320002
other,25,1133484.666061
other,26,1088317.187366
other,27,1110786.75108
other,28,1145847.3189219998
other,29,647495.628103
other,30,1155967.3259230002
other,31,1014091.5795300003
other,32,1127810.4239079999
other,33,905993.4401960003
other,34,1039156.570419
other,35,1115104.189768
other,36,1087811.4688620002
other,37,1075074.141576
other,38,1134859.957795
other,39,1028317.364381
other,40,1295792.9678750003
other,41,1142039.168227
other,42,1075650.160321
other,43,1143090.7213750002
other,44,1187593.709409
other,45,1267772.4553709999
other,46,1162014.992771
other,47,1223736.782603
other,48,1271126.8847140002
other,49,1509084.2688109998
other,50,2786108.2061019996
other,51,3239323.032962
other,52,1861880.552307
other,53,1714310.330257
other,54,2403018.246777
other,55,2007170.7066840003
other,56,1529068.7683269999
other,57,3439410.3549020006
other,58,1149300.2773580002
other,59,2188044.769738
other,60,3201331.999023
other,61,2244516.855633
other,62,2773914.505317
other,63,2041167.0008910005
other,64,7400003.347628001
other,65,7704741.889154
other,66,5526618.101223999
other,67,32713260.642481998
other,68,37258907.460815005
other,69,26637917.607911
other,70,8378647.100954
other,71,25308971.929011
other,72,7717775.132159
other,73,14532732.603556
other,74,20899849.773243
other,75,40417481.981817015
other,76,8298805.491435
other,77,13327425.320922002
other,78,30016532.502343
other,79,19925409.87971
other,80,12582496.316069
other,81,6181533.048048001
other,82,6624914.753731
other,83,6148201.770291001
other,84,7329606.562899999
other,85,20155082.259445
other,86,15843154.901161
other,87,7550756.790626002
other,88,16910156.70433
other,89,14914805.133226994
other,90,12323405.495326
other,91,7458206.275940001
other,92,8129938.086112001
other,93,8569308.329815999
other,94,20750975.87219
other,95,10556155.448793
other,96,11384763.488584
other,97,27402518.703038
other,98,12429504.816303
other,99,105021347.68648605
AE2J_edge,28,40062.888343
AE2J_edge,29,24524.006088
AE2J_edge,30,21920.380781000003
AE2J_edge,31,17802.989553
AE2J_edge,32,16594.774472
AE2J_edge,37,17370.762875
AE2J_edge,39,15661.827270000002
AE2J_edge,41,19403.657068000004
AE2J_edge,42,18378.201356
AE2J_edge,43,18279.973923
AE2J_edge,44,18691.723559000002
AE2J_edge,45,17261.805267999996
AE2J_edge,46,19521.80293
AE2J_edge,47,19634.832349
AE2J_edge,48,18923.675767999997
AE2J_edge,49,17006.740043
AE2J_edge,51,17176.336731
AE2J_edge,52,18373.255054999998
AE2J_edge,53,20933.887698000002
AE2J_edge,54,24325.462098000004
AE2J_edge,55,20938.550691000004
AE2J_edge,56,23688.002418999997
AE2J_edge,58,16223.622121999999
AE2J_edge,59,18856.967378999998
AE2J_edge,62,20924.15093
AE2J_edge,63,12739.772488
AE2J_edge,76,25697.980550999997
AE2J_edge,78,49818.591358000005
AE2J_edge,80,34228.688876
AE2J_edge,84,26988.779947000006
AE2J_inside,50,3604377.59211
AE2J_inside,51,3600510.124681
AE2J_inside,52,3442790.199505999
AE2J_inside,53,2886956.368319
AE2J_inside,54,2994237.959586
AE2J_inside,55,2589897.920228
AE2J_inside,56,2604184.378501
AE2J_inside,57,2508621.579722
AE2J_inside,58,2308967.256882
AE2J_inside,59,2262135.074465
AE2J_inside,60,2197641.933758
AE2J_inside,61,2056781.3321370003
AE2J_inside,62,2076787.515138
AE2J_inside,63,2063302.358271
AE2J_inside,64,1831298.136491
AE2J_inside,65,1842127.3674140002
AE2J_inside,66,1731777.2041
AE2J_inside,67,1703651.7584469998
AE2J_inside,68,1635593.502521
AE2J_inside,69,1545858.8021210001
AE2J_inside,70,12052560.401812999
AE2J_inside,71,11929084.200128999
AE2J_inside,72,14918677.924770001
AE2J_inside,73,16769408.499967998
AE2J_inside,74,16886587.950885
AE2J_inside,75,18060507.845306
AE2J_inside,76,18301500.600818
AE2J_inside,77,15886437.471063998
AE2J_inside,78,18012272.326688997
AE2J_inside,79,18850008.053691998
AE2J_inside,80,18404485.345148
AE2J_inside,81,18385401.473426998
AE2J_inside,82,14982569.623503
AE2J_inside,83,24228250.543362997
AE2J_inside,84,33452569.631275
AE2J_inside,85,36126226.121419005
AE2J_inside,86,29995392.372411
AE2J_inside,87,21421392.665767
AE2J_inside,88,20219540.642545998
AE2J_inside,89,23262229.000386998
AE2J_inside,90,2306357.096704
AE2J_inside,8,17853.297728
AE2J_inside,9,20504.262
AE2J_inside,10,20951.707
AE2J_inside,11,19792.250999999997
AE2J_inside,12,25257.089
AE2J_inside,14,27847.94
AE2J_inside,15,35389.334269
AE2J_inside,16,33064.233857
AE2J_inside,17,32631.441
AE2J_inside,18,36171.613973
AE2J_inside,19,30713.319706000002
AE2J_inside,20,35515.936286
AE2J_inside,21,38958.163533
AE2J_inside,22,36557.848
AE2J_inside,23,32162.365999999998
AE2J_inside,24,35589.206378
AE2J_inside,25,41039.774
AE2J_inside,26,33992.746
AE2J_inside,28,33421.355972000005
AE2J_inside,29,33316.098
AE2J_inside,30,33036.657
AE2J_inside,31,30504.002999999997
AE2J_inside,32,32752.239
AE2J_inside,33,39457.113
AE2J_inside,34,34492.925799000004
AE2J_inside,35,40078.334026
AE2J_inside,36,47228.338405
AE2J_inside,37,48368.258
AE2J_inside,38,47455.121
AE2J_inside,39,51271.280000000006
AE2J_inside,40,46914.435677
AE2J_inside,41,45714.943616000004
AE2J_inside,42,54493.052413
AE2J_inside,43,60191.430496999994
AE2J_inside,44,50000.316000000006
AE2J_inside,45,60409.606
AE2J_inside,46,46895.283193999996
AE2J_inside,47,54394.694363999995
AE2J_inside,48,54364.997451
AE2J_inside,49,308767.842
AE2J_inside,91,397487.202
AE2J_inside,92,373009.736897
AE2J_inside,93,376446.597
9Ns5_edge,10,25758.267173999997
9Ns5_edge,11,26453.911606
9Ns5_edge,12,31848.364639999996
9Ns5_edge,13,40133.226906
9Ns5_edge,14,35478.324697
9Ns5_edge,15,39448.322847999996
9Ns5_edge,16,41663.66644699999
9Ns5_edge,17,42556.779495
9Ns5_edge,18,47846.114307
9Ns5_edge,19,49430.967877
9Ns5_edge,20,54100.34873299999
9Ns5_edge,21,51528.546372000004
9Ns5_edge,22,44717.194875
9Ns5_edge,23,48197.080239999996
9Ns5_edge,24,55008.389171999996
9Ns5_edge,25,51680.004843
9Ns5_edge,26,50337.05106
9Ns5_edge,27,58792.056314999994
9Ns5_edge,28,67417.155839
9Ns5_edge,29,34118.625636
9Ns5_edge,30,32351.192237999996
9Ns5_edge,31,32151.822433999998
9Ns5_edge,32,27633.894651
9Ns5_edge,33,25150.608056000005
9Ns5_edge,37,25576.535117000003
9Ns5_edge,70,38868.882659999996
9Ns5_edge,71,50920.310942
9Ns5_edge,72,81531.99222500001
9Ns5_edge,73,453359.993496
9Ns5_edge,74,59585.658327000005
9Ns5_edge,75,133836.07473200004
9Ns5_edge,76,371516.8136399999
9Ns5_edge,77,103841.43108000002
9Ns5_edge,78,228092.22912300003
9Ns5_edge,79,261630.652344
9Ns5_edge,80,87319.62070500001
9Ns5_edge,81,256478.010468
9Ns5_edge,82,260703.47141400003
9Ns5_edge,83,206415.402188
9Ns5_edge,84,271598.288299
9Ns5_edge,85,191625.110651
9Ns5_edge,86,254474.13628800004
9Ns5_edge,87,545488.863954
9Ns5_edge,88,164925.942995
9Ns5_edge,89,106687.824216
9Ns5_edge,90,31886.373656000003
9Ns5_edge,91,17428.893169
9Ns5_edge,92,12450.884263
9Ns5_edge,93,17638.444999999996
9Ns5_edge,94,22209.120000000003
9Ns5_edge,95,7887.642387
9Ns5_inside,70,43814300.511292
9Ns5_inside,71,42964983.150433
9Ns5_inside,72,47652289.062955
9Ns5_inside,73,48172906.21894699
9Ns5_inside,74,50296178.25149901
9Ns5_inside,75,54235779.51900001
9Ns5_inside,76,53945242.82536199
9Ns5_inside,77,52358339.575765006
9Ns5_inside,78,53105705.673921995
9Ns5_inside,79,51151208.80120101
9Ns5_inside,80,54522910.743317
9Ns5_inside,81,57087928.95849599
9Ns5_inside,82,53471299.000328
9Ns5_inside,83,57702182.679725
9Ns5_inside,84,61558896.45376799
9Ns5_inside,85,63871469.731357984
9Ns5_inside,86,63630552.078449
9Ns5_inside,87,61126747.63680901
9Ns5_inside,88,62866745.339068994
9Ns5_inside,89,70779620.79381299
9Ns5_inside,90,5240970.89581
9Ns5_edge,0,3e-06
9Ns5_edge,34,24331.362486
9Ns5_edge,35,18626.123875999998
9Ns5_edge,36,25141.833496000003
9Ns5_edge,38,27290.391754000004
9Ns5_edge,39,24633.02994
9Ns5_edge,40,22225.547857999998
9Ns5_edge,41,25809.503575000002
9Ns5_edge,43,25595.140091000005
9Ns5_edge,44,24045.199519
9Ns5_edge,46,21627.069455000004
9Ns5_edge,96,4946.540000000001
9Ns5_edge,97,1317.234
9Ns5_inside,69,22400763.450170007
9Ns5_edge,42,19363.783293999997
9Ns5_edge,45,22007.413539
9Ns5_edge,47,15416.838194999998
9Ns5_edge,48,18319.109099999998
9Ns5_edge,49,16956.309846
9Ns5_edge,50,20801.178238999997
9Ns5_edge,99,96.822379
9Ns5_edge,9,1703.96469
9Ns5_edge,53,28288.913679999998
9Ns5_edge,59,26572.664018999996
9Ns5_edge,60,30259.104078
9Ns5_edge,69,22315.252447
9Ns5_edge,61,29771.84276
9Ns5_edge,6,784.139
9Ns5_edge,7,937.353
9Ns5_edge,8,430.225
9Ns5_edge,51,23943.831775999995
9Ns5_edge,52,27001.498396
9Ns5_edge,54,23828.974068000003
9Ns5_edge,55,24685.227186
9Ns5_edge,56,26515.331029999994
9Ns5_edge,57,25221.84109
9Ns5_edge,58,14524.295867000003
9Ns5_edge,62,22944.625096999996
9Ns5_edge,63,23956.162811000002
9Ns5_edge,64,24796.987790999996
9Ns5_edge,65,23586.858465999998
9Ns5_edge,66,20283.042095999997
9Ns5_edge,67,23041.882072
9Ns5_edge,68,29784.04458
9Ns5_inside,9,5935.597000000002
9Ns5_inside,10,6918791.963
9Ns5_inside,11,6388336.4636
9Ns5_inside,12,6489276.854
9Ns5_inside,13,7235041.207
9Ns5_inside,14,6292337.074999999
9Ns5_inside,15,6409052.396
9Ns5_inside,16,6339501.999
9Ns5_inside,17,6074676.40673
9Ns5_inside,18,5238820.6297969995
9Ns5_inside,19,4990596.943
9Ns5_inside,20,4509666.168339
9Ns5_inside,21,4992509.38
9Ns5_inside,22,5045584.582294
9Ns5_inside,23,5002253.399
9Ns5_inside,24,5306881.019596
9Ns5_inside,25,4669325.645
9Ns5_inside,26,4576505.171
9Ns5_inside,27,5205640.079
9Ns5_inside,28,5005591.3561
9Ns5_inside,29,4085710.8117989996
9Ns5_inside,30,4528548.969
9Ns5_inside,31,4563557.979696
9Ns5_inside,32,5261375.9120000005
9Ns5_inside,33,4746228.0
9Ns5_inside,34,4734695.324999999
9Ns5_inside,35,4971609.291618
9Ns5_inside,36,5428530.168
9Ns5_inside,37,5313587.151059
9Ns5_inside,38,5350886.6620000005
9Ns5_inside,39,4911592.073399
9Ns5_inside,40,5373512.004
9Ns5_inside,41,5170346.270675
9Ns5_inside,42,5725230.643999999
9Ns5_inside,43,5248454.566
9Ns5_inside,44,4848395.631539
9Ns5_inside,45,4497448.978
9Ns5_inside,46,4367445.5712790005
9Ns5_inside,47,4741085.221
9Ns5_inside,48,5122093.552200001
9Ns5_inside,49,9621359.778981
9Ns5_inside,50,35825622.300029
9Ns5_inside,51,39183065.452386
9Ns5_inside,52,36849751.41433399
9Ns5_inside,53,35418389.62914699
9Ns5_inside,54,33530670.558174
9Ns5_inside,55,32783094.047280997
9Ns5_inside,56,31041935.835976996
9Ns5_inside,57,29148239.631405
9Ns5_inside,58,26793605.383483
9Ns5_inside,59,27299395.305938
9Ns5_inside,60,26525154.064074997
9Ns5_inside,61,25972342.421269003
9Ns5_inside,62,26095147.9148
9Ns5_inside,63,25398329.442295
9Ns5_inside,64,24787998.234298997
9Ns5_inside,65,24558310.623863004
9Ns5_inside,66,23290044.165775996
9Ns5_inside,67,24104365.357611004
9Ns5_inside,68,23611391.798155997
9Ns5_edge,2,13.858
9Ns5_edge,3,9.327
9Ns5_edge,98,209.202
