wallet,contracts_as_maker,usdc_as_maker,fills_as_maker,contracts_as_taker,usdc_as_taker,fills_as_taker,cluster,first_fill,last_fill
0x00b6704b6f1341d9b74d1481ceeddc7a45b2f999,6349399.588509,4923736.781259,19787.0,5752710.685852001,4494702.357631,18479.0,AE2J,2025-09-17 18:33:37+00:00,2026-09-25 13:51:51+00:00
0x0151b900b8c27b02cbe4e85f325db56e81ba86e0,8805071.838187998,6876942.646531001,26885.0,9184109.91554,7255466.3484499995,27473.0,AE2J,2025-09-16 20:59:53+00:00,2026-09-28 13:11:01+00:00
0x08e3f66278cb41267bc27c5c5233352fdb071146,7036984.171914,5511325.314385001,18821.0,7121279.281623001,5637869.143752002,19156.0,AE2J,2025-09-17 08:43:33+00:00,2026-09-28 13:16:17+00:00
0x08f5169f7e20bc92064666d63f0d18f03c945c5b,7111192.716089,5473819.431456,22152.0,6737101.100427,5228277.682455999,20931.0,AE2J,2025-09-17 16:59:39+00:00,2026-09-25 14:24:13+00:00
0x122868469f5bbcf6d9b90758867aaa2157c62546,8621385.14145,6710069.685501001,23334.0,8857654.357440999,6996870.8728330005,23272.0,AE2J,2025-09-18 01:22:37+00:00,2026-09-28 13:02:55+00:00
0x12c528b4b4ce39d186433e95f7e21a1dd15f8458,10927586.624276,7508091.295906,46663.0,10747512.587402,7823615.192859,45672.0,AE2J,2025-09-15 21:39:39+00:00,2026-03-03 14:48:25+00:00
0x171a375e12fb7e948f89d39a5d2fb13e34b2cf12,8643784.625892002,6808397.000407,21844.0,8762618.583069999,6967706.025876001,21570.0,AE2J,2025-09-16 19:59:21+00:00,2026-09-28 13:09:29+00:00
0x179544126baff9a885620c72d011916492c58766,8519902.170439001,6760785.180915001,23367.0,8600506.429466,6872585.902684999,23639.0,AE2J,2025-09-17 04:59:49+00:00,2026-09-12 15:54:15+00:00
0x1c619d64181669d4fbb452245c06be9be67bcfdd,9588687.033352999,5637153.816031001,34729.0,7048460.698523999,5511037.149138999,31886.0,AE2J,2025-09-18 01:54:47+00:00,2026-03-03 10:29:35+00:00
0x2c866bd6d068390feb7e3245b518d664b11815d5,7924667.209041,5910088.7410079995,26264.0,7498677.783766999,5812637.761308999,25514.0,AE2J,2025-09-17 18:33:55+00:00,2026-09-28 13:12:01+00:00
0x2e9d47a26e9a679e44a8037e270d626f6b5704dd,7314214.629896999,5728862.42854,21552.0,6955866.100289,5498608.735145,20493.0,AE2J,2025-09-17 00:57:49+00:00,2026-09-26 20:12:53+00:00
0x3096d9f9a99138569ff618e0f295b2605858c789,7136582.5516989995,5559849.394388999,22439.0,6843179.6968,5375137.550042001,22312.0,AE2J,2025-09-17 18:33:33+00:00,2026-09-19 20:41:17+00:00
0x3a1ef7b849f7808e27f431e58b241f4e0ec45f08,7090190.379214002,5432605.612592999,23595.0,7049803.6980220005,5487557.286987,23780.0,AE2J,2025-09-18 01:48:49+00:00,2026-09-25 11:30:55+00:00
0x3bb56317de58b1e410b2f3659f8ff8b4b6b25303,6813589.996016,5249781.556303999,20323.0,6571340.098547,5147773.555769999,19177.0,AE2J,2025-09-17 00:58:47+00:00,2026-09-28 13:09:35+00:00
0x40b2ab179322ff3fbbee44a39be3e1e110e057b1,9320176.008751,7226158.517411999,26608.0,9706726.103873998,7603082.723445,27450.0,AE2J,2025-09-17 02:58:13+00:00,2026-09-28 13:24:25+00:00
0x43e74a8d2b4492a89862e6a748c7308d1cf24a04,8550275.145734001,6657713.017563,22921.0,8264457.682457,6520593.039191001,21786.0,AE2J,2025-09-18 01:48:41+00:00,2026-09-28 13:05:53+00:00
0x443c3153efd15c1b16e75e7c6a9bd6554da05d05,9472013.50023,7398582.956668001,26536.0,10040280.408546003,7915818.13562,27798.0,AE2J,2025-09-18 01:50:23+00:00,2026-09-26 20:07:05+00:00
0x48853fbba65055666a7960508302c891ce8f39fd,6746970.8191949995,5286203.190428,19021.0,6468051.998455,5151165.979920999,18020.0,AE2J,2025-09-16 20:58:43+00:00,2026-09-12 15:49:05+00:00
0x4fdb57f71dfa37da7875b66a7210ce44a1862633,8549117.241332,6739774.695852,21236.0,8602322.700222,6862686.53029,21084.0,AE2J,2025-09-16 23:54:49+00:00,2026-09-25 13:36:23+00:00
0x50bd61726930c37f1b33a1603fc2e4f344bbc44c,6387902.681876,4961909.584045,19592.0,6129780.433162001,4816669.57866,18534.0,AE2J,2025-09-17 12:59:51+00:00,2026-09-25 07:42:19+00:00
0x5392a60b79f5a95b29a437e96070780a9c5a9fb7,7475072.636676,5804019.403828,26730.0,8169589.833785,6424017.248857,28834.0,AE2J,2025-09-18 01:58:53+00:00,2026-09-10 15:55:21+00:00
0x53fe97c508b7e2cab76924eed510b2590366d8d2,8265548.177185001,6410787.300872,24211.0,8210569.107464001,6432693.412910999,23560.0,AE2J,2025-09-18 01:48:09+00:00,2026-09-10 16:00:15+00:00
0x540304b50b6498c60511bc2eda1dbbd7b6d4a3cb,7799543.394971,6052887.709857,23764.0,7600312.462888999,5965796.125499999,23052.0,AE2J,2025-09-18 01:52:09+00:00,2026-09-28 13:04:35+00:00
0x548732577961b66afcda43d1c47db539915c17fb,6892124.557846,5347916.516318999,20661.0,6643741.608577,5188851.257984999,19893.0,AE2J,2025-09-18 01:49:47+00:00,2026-09-24 14:21:43+00:00
0x56a28e7efe62400968a927280362f84138b2466a,7086474.776655999,5542958.494253001,20773.0,6567399.276194001,5175882.504663,19984.0,AE2J,2025-09-17 00:55:23+00:00,2026-09-28 13:08:47+00:00
0x65703f8f43ec2939de126938c82e4046d125ab44,6830862.157244001,5301945.977317002,20324.0,6636599.006648999,5208077.418214999,19439.0,AE2J,2025-09-18 01:48:11+00:00,2026-09-28 13:12:01+00:00
0x7236cec742d9cc4ae4f7e61417e2c08b0b1b1fdf,7112362.674983,5552154.029378,20402.0,7039609.439781,5544068.306194001,20126.0,AE2J,2025-09-17 02:51:31+00:00,2026-09-11 14:48:31+00:00
0x74f6558bcbcd43b834c4bf1339dea6b98fce748f,7821064.918257999,6040796.624774001,23658.0,7959773.186271999,6203051.922203001,24043.0,AE2J,2025-09-18 01:44:31+00:00,2026-09-28 13:07:07+00:00
0x7ab8f48a40691049a6b16cecda05f320df5e0331,8434268.413282,6570862.940702001,24867.0,8211284.078373998,6471857.633963001,24375.0,AE2J,2025-09-18 01:50:07+00:00,2026-09-22 13:11:37+00:00
0x849a963fb6f23e37edfeba7174c8e92fcb54dca3,7509722.950663001,5913421.531364,20574.0,7564318.184467001,6035217.876214,20340.0,AE2J,2025-09-16 22:58:57+00:00,2026-09-28 13:03:01+00:00
0x86e041e9cf500361a8be4357e928672d91ad910b,5834463.714158001,4481744.319975,16827.0,5726554.736843,4464050.537251999,16204.0,AE2J,2025-09-16 22:59:37+00:00,2026-09-28 13:12:59+00:00
0x8dfbd3a6323a69ef7deea511aff87d930bc14360,8016985.951481001,6281684.835652,22798.0,8075723.698438001,6387662.844705,22305.0,AE2J,2025-09-17 08:45:09+00:00,2026-09-28 13:12:59+00:00
0x9720f27ee2bc9b47e1c0a9b3e6d362043e08fd31,6568479.976832,5122154.584272001,19209.0,6372553.0174010005,5011803.395785,18899.0,AE2J,2025-09-16 19:48:51+00:00,2026-09-28 13:12:13+00:00
0x9a7305fb47cc72d257da6e70b7ced9b754e6494f,6854990.762525,5251053.737541,22356.0,6568406.346999,5136874.555359,21533.0,AE2J,2025-09-18 01:43:23+00:00,2026-09-28 13:08:41+00:00
0x9b2d71a825fa72d8a112cf833a2822027440139c,8669927.879964001,6713525.275348,25366.0,8575790.048696999,6712492.992849,24701.0,AE2J,2025-09-17 18:33:33+00:00,2026-09-24 13:36:03+00:00
0x9c855bbe2da60429af1691b41e536d654def14d1,7654006.155674,6034479.544721999,19159.0,7750530.244960001,6201655.8955379985,18914.0,AE2J,2025-09-17 00:54:13+00:00,2026-09-28 13:16:17+00:00
0xa3c489d87bbbf5ed4eb36fc96d0e9477f7d586a0,6922485.706385001,5388583.310519999,18113.0,6591690.014303,5189661.07302,17254.0,AE2J,2025-09-17 02:45:59+00:00,2026-09-24 13:36:55+00:00
0xa572496db77fdf57624301bc88d434fec80c1e48,6967154.318766999,5433369.191219,19195.0,6528939.315067001,5142610.478914,17888.0,AE2J,2025-09-16 23:51:31+00:00,2026-09-25 14:22:03+00:00
0xa679301d0486238b0e4ce2c34e18190397f5f00e,8876209.340866001,6898498.933809001,25933.0,8824722.956915999,6935916.395406,25346.0,AE2J,2025-09-17 08:57:37+00:00,2026-09-25 15:35:57+00:00
0xa7c45c93e9ffdb17de1e74eda0916edef578c4e0,8882356.146087,6893898.338268001,27629.0,8620634.464283999,6735488.293124,27006.0,AE2J,2025-09-18 01:47:55+00:00,2026-09-28 13:05:59+00:00
0xac3761de9ee4eabe51184146abc306ae6257e710,10675268.051139,4753836.110087,30836.0,6270986.973583,4731517.576527,27298.0,AE2J,2025-09-18 01:56:29+00:00,2026-03-02 23:45:35+00:00
0xb415078be0e896f33ee197c5cba61847beb42f64,8439389.16247,6193087.249346,39326.0,8200834.500643001,6151737.51297,37969.0,AE2J,2025-09-15 21:39:23+00:00,2026-03-02 22:19:33+00:00
0xc465e47676d4808e16c9d167b08a11aecce97a2b,8657932.304598998,6872031.699790001,21827.0,9403286.532676002,7523882.9096679995,23798.0,AE2J,2025-09-16 22:57:17+00:00,2026-09-25 13:39:59+00:00
0xc8e1c15ce5ae9d860a6a4093823f0a63adafc523,7785558.525968,6043450.498919001,23312.0,7357803.179707998,5774011.198665,22159.0,AE2J,2025-09-17 18:33:35+00:00,2026-09-22 13:05:25+00:00
0xe246ba9c679fada74887f96fc48264a1519e3c72,7457111.561399,5741050.978655,22570.0,6984952.218372,5419963.116574,21052.0,AE2J,2025-09-17 02:54:51+00:00,2026-09-28 13:24:25+00:00
0xe3312316f7eb6d519f910be5c44555e03bc4e3e1,8679917.652482,6792201.981365001,24317.0,8945533.840961998,7077638.636347,24471.0,AE2J,2025-09-16 22:59:43+00:00,2026-09-25 13:36:45+00:00
0xe6668ccc790b0ae310d245c8b166bdd38227d362,8247326.503282,6502792.798112,22867.0,8671407.813344,6906050.327807,23593.0,AE2J,2025-09-18 01:44:31+00:00,2026-09-24 13:52:45+00:00
0xe9fbcdf15540c9579e0923b54c411de196149311,6740477.995494,5187138.155969001,19219.0,6416872.770478,5001186.115254999,18103.0,AE2J,2025-09-18 01:43:39+00:00,2026-09-25 13:53:45+00:00
0xec097ecbd4de9bcb4a563dd253ad29276b608645,6964622.261821,5358396.156198999,20689.0,6786668.574832,5276172.366841,19737.0,AE2J,2025-09-18 01:49:05+00:00,2026-09-25 11:28:47+00:00
0xee1461565dcdc125b8829c331bcee015c084c80d,8381508.148601001,6496640.5837429995,25259.0,8156514.587645,6386867.600813,24935.0,AE2J,2025-09-17 09:05:23+00:00,2026-09-25 08:03:57+00:00
0xee9e27520a99c0b74596191798b21edd36c217fc,8165103.410995999,6406230.111966,24289.0,8212925.922766,6500595.995008001,24328.0,AE2J,2025-09-16 22:54:47+00:00,2026-09-25 13:34:41+00:00
0xef5fd1dc06adc5ae89905071c0bf9a0dde5e3b17,8149811.003749,6338771.436381999,24517.0,8211529.1153029995,6426334.975045,24057.0,AE2J,2025-09-18 01:51:03+00:00,2026-09-28 13:09:03+00:00
0xf4075ef364fc3569c3ef4a53735eb1b9d842146a,9972823.378572,7326507.858255999,47983.0,10017729.031196998,7531603.6289530005,47684.0,AE2J,2025-09-15 21:39:45+00:00,2026-03-06 01:15:05+00:00
0xf60ddf092eec6fccab4cd86ae7ec3a3916dab7b4,7090075.1634599995,5474333.049695,21275.0,6495779.072193001,5056176.402085,19414.0,AE2J,2025-09-18 01:43:31+00:00,2026-09-28 13:04:35+00:00
0xf9ec0eba794571dfd4debd024cd8a29fe1dbee74,6954845.959505999,5330052.585679001,22131.0,6741959.126812001,5203791.055826999,20961.0,AE2J,2025-09-18 01:47:47+00:00,2026-09-25 08:27:01+00:00
0x75f7a9c91646e866f964823bb3dcba791f49f236,7066824.385768999,5534470.425584001,32847.0,6875624.97034,5378150.289399999,31924.0,AE2J,2025-11-08 19:28:11+00:00,2026-03-04 22:40:27+00:00
0x7db44aefcc7c1fed00a129ef8b64eddc102e5ab2,8544492.638927,6774048.6462280005,35961.0,8737776.178234,6922476.037349001,36288.0,AE2J,2025-11-08 19:33:43+00:00,2026-03-03 08:49:55+00:00
0x806b56771a753b68c3c53b47c6f8f8f82ddc8fbd,5367097.341770999,4147128.1204759995,27911.0,5148731.084749999,3985461.7930719997,27086.0,AE2J,2025-11-08 19:29:37+00:00,2026-03-03 06:48:59+00:00
0x83be2fa0a4354d56f3b0a5c0daa8a12a7b45d21e,8205812.704834,6503655.093780001,37928.0,7943797.681914999,6293643.026805,36518.0,AE2J,2025-11-08 19:29:35+00:00,2026-03-06 01:15:05+00:00
0x899096164748a28effcea87fc5fe17aced3f30fe,7619834.875152,6007667.202206,34321.0,7612058.203682,6004722.986873999,35435.0,AE2J,2025-11-08 19:18:13+00:00,2026-03-04 21:18:45+00:00
0x03502e2b26a9c4f16d0da5f988c055282eb870e2,12008963.340807,8000682.840521,30377.0,11710495.541678999,7776600.621052999,30238.0,9Ns5,2026-02-18 18:21:57+00:00,2026-09-24 06:44:15+00:00
0x04e9d1fc471f17037aa069976cfc6da1f11d1438,15402417.958073,10480256.716535999,40614.0,15569568.995969996,10553283.037312998,41257.0,9Ns5,2026-02-18 18:21:51+00:00,2026-09-10 13:46:45+00:00
0x0791641813feda20d23f4d7dc6a00643a31880b0,11274737.842392003,7902881.391607,31081.0,10745321.649490999,7471590.415143,28874.0,9Ns5,2026-02-18 18:22:29+00:00,2026-09-28 13:23:59+00:00
0x0abc68da6dff164e95ee5ee0ff9ef68bd08a9482,10625759.411785,7244179.6121539995,26595.0,10275675.386999998,6934373.458587999,25610.0,9Ns5,2026-02-18 18:22:29+00:00,2026-09-28 13:17:15+00:00
0x0c05403dbc8cd7558a0907292c8d5f6c032df157,12632479.782458,8431073.664933998,31109.0,12361436.319938,8102073.744741,30323.0,9Ns5,2026-02-18 18:22:11+00:00,2026-09-11 14:05:39+00:00
0x1743146e23ebe5cd02dfa795a095b77c6f200ac9,15082915.336022997,10894625.829018,35374.0,15900448.657569999,11553137.760484,37056.0,9Ns5,2026-02-18 18:22:45+00:00,2026-09-15 22:31:03+00:00
0x1841444288cc042213741268edae89ab0a0a44f4,10216236.995529998,7349330.912582,24772.0,10433391.782894999,7558261.413009,25164.0,9Ns5,2026-02-18 18:21:51+00:00,2026-09-28 13:09:37+00:00
0x191351eec6a09bdae423438edba0f4bf1d95207d,12424858.688614,8725867.965159,32372.0,11895026.332199002,8299858.920266001,31973.0,9Ns5,2026-02-18 18:22:29+00:00,2026-09-11 14:02:13+00:00
0x24098eb6e196a8b94b42bd46fdcbf507af651df6,15524014.534875,10692060.851836,40166.0,15718114.648295002,10812108.210747998,42072.0,9Ns5,2026-02-18 18:22:25+00:00,2026-09-14 02:29:41+00:00
0x2488df29756354c1a334e767325266bfe7b1ef22,10754925.774407998,6943134.258528001,30347.0,10347286.445999999,6534740.584977001,29675.0,9Ns5,2026-02-18 18:22:19+00:00,2026-09-28 13:22:47+00:00
0x2c18e153217b1b1c84a57588073a4fa915116c5c,15245142.646271002,11183543.159174,34615.0,15986952.1752,11829401.334240003,35200.0,9Ns5,2026-02-18 18:22:15+00:00,2026-09-12 00:05:55+00:00
0x305512f530792f0815c1ff12d6dfed2901dd5273,14813234.043754,10555410.183596997,38832.0,14996703.165890003,10647935.258902,38806.0,9Ns5,2026-02-18 18:21:51+00:00,2026-09-22 13:11:55+00:00
0x35d20e20fe638705ea620cc434a61e6c857e51b8,15427663.586573001,11254192.809299001,35603.0,16321837.878873002,11943248.286202999,36959.0,9Ns5,2026-02-18 18:21:47+00:00,2026-09-21 20:37:57+00:00
0x40506462296f3e4ba0d2877d3df5024c3a555b99,11805869.273684,8207833.6968209995,27546.0,11461937.9768,7968395.319544,26424.0,9Ns5,2026-02-18 18:22:05+00:00,2026-09-11 16:23:03+00:00
0x44a55e4a7c8fac2d285224da96419ff31607bc03,12487790.622954998,8739226.22071,33660.0,11725269.279598998,8112220.162779999,31334.0,9Ns5,2026-02-18 18:22:25+00:00,2026-09-09 16:10:33+00:00
0x44bf102ac4ce55a0d57e59f7d5f9828b38be6250,15067135.366428997,10802741.560887,34657.0,15801913.329850001,11332252.260395,35778.0,9Ns5,2026-02-18 18:22:19+00:00,2026-09-12 14:33:01+00:00
0x4745872ee8e2feca6f1358a72ce79440e79b8172,11710563.316299,8721591.245048,28816.0,11523962.386,8566622.687807001,27918.0,9Ns5,2026-02-18 18:22:29+00:00,2026-09-28 13:17:15+00:00
0x48b573ab7bec10728141ed8e5c0f7cd2e88708a4,12566210.274436,9236456.317033,29472.0,12367518.158298997,9102700.520801,28934.0,9Ns5,2026-02-18 18:22:11+00:00,2026-09-11 08:01:23+00:00
0x4928a1640bb2b21272a0b713582e69e893a51fee,12288721.299019001,8007006.735185999,35227.0,12373391.116996,7954023.102866998,35982.0,9Ns5,2026-02-18 18:22:15+00:00,2026-09-28 13:41:11+00:00
0x4c57d4d6313fa0b4470679dbbf5eb3db63b3a916,15763641.999584999,11419780.260949997,42554.0,15999547.050307,11690129.396433,42646.0,9Ns5,2026-02-18 18:22:11+00:00,2026-09-15 09:20:17+00:00
0x4cddee9263161003af7f20f919181fff14713d8e,10824798.691234998,7623209.915867001,26369.0,10630904.707472,7416633.803632,25678.0,9Ns5,2026-02-18 18:22:25+00:00,2026-09-28 13:16:45+00:00
0x5179c31d12ebf80beb716f19f59c10db3c5dccab,13942246.956665002,9873004.929903,34018.0,14759905.951197,10455286.803534001,35946.0,9Ns5,2026-02-18 18:22:55+00:00,2026-09-22 22:01:45+00:00
0x51ba3d50c5b80070de3419157fce0eb46afcfa69,13316136.461646,9171267.518048,35622.0,12789936.724561,8777365.235423999,34720.0,9Ns5,2026-02-18 18:22:11+00:00,2026-09-13 18:11:33+00:00
0x51c8ad3fc12a10ebe225a0e66ea69288503ad739,15798744.872115,11546072.879341003,42074.0,16087862.268296,11777958.976590002,42098.0,9Ns5,2026-02-18 18:22:05+00:00,2026-09-28 13:37:09+00:00
0x599870cc3752511dad8eca6980e861bcca53c768,15049328.699590005,10515568.884001,38061.0,15189887.154398,10630419.991982002,37027.0,9Ns5,2026-02-18 18:22:51+00:00,2026-09-28 13:16:45+00:00
0x5a6b5352f46c07da306c60926b78e53e67e061ca,9135872.618602,6596329.123571,22226.0,9521951.954699,6956844.110617002,22136.0,9Ns5,2026-02-18 18:21:57+00:00,2026-09-28 13:10:37+00:00
0x606471f4b185ff414872a86874cde680d25b4a0d,11839333.923073,8467473.098925,28462.0,11574516.983000001,8301523.657902,27521.0,9Ns5,2026-02-18 18:22:01+00:00,2026-09-22 13:13:25+00:00
0x6d4500900a402d39c3b954dbb01d2f41b363973f,16025038.998606,11168619.891379004,43064.0,16209778.092200002,11290919.472445,44247.0,9Ns5,2026-02-18 18:21:47+00:00,2026-09-28 13:21:43+00:00
0x737b4edd8a4bb12fb9f199956a3c8768e7f74f11,15394680.127867,11265688.921465004,36147.0,16275618.611299,12012694.686643,37207.0,9Ns5,2026-02-18 18:22:05+00:00,2026-09-12 14:28:27+00:00
0x77035c0745c7d90ce232ca731b3261d94b70f427,13685026.054065999,9886336.421525998,38976.0,13467624.323156,9731347.524721,37956.0,9Ns5,2026-02-18 18:22:37+00:00,2026-09-28 13:21:43+00:00
0x7836f635e86b548bd1b245cd159f9318b79b0983,14205732.080589002,9686712.652800001,32968.0,14850643.829997001,10158231.086614002,34583.0,9Ns5,2026-02-18 18:22:37+00:00,2026-09-28 13:05:59+00:00
0x78da84f0d52ea2f80dc122b881be29542680a629,13374060.081246004,9986999.641441995,34178.0,13340302.393323,9936400.312951002,35372.0,9Ns5,2026-02-18 18:22:01+00:00,2026-09-12 16:07:59+00:00
0x78dccf7272a7895137606413ed740665f5e652c8,11838432.197355999,7970704.769293,30011.0,11354631.416800002,7515990.033713999,29529.0,9Ns5,2026-02-18 18:22:05+00:00,2026-09-25 14:21:41+00:00
0x888635c2c0193371e22c7362083adf19f30b0b3b,13848765.233045002,10073850.958841,32384.0,13700607.68114,9935185.457833003,32390.0,9Ns5,2026-02-18 18:22:51+00:00,2026-09-24 13:54:03+00:00
0x93a0a3600e0bfb1bf482d9a43e002c1206c3435d,11855406.859374002,8085893.936303001,33671.0,11672855.539590001,7894458.377149002,33635.0,9Ns5,2026-02-18 18:22:15+00:00,2026-09-24 13:43:59+00:00
0x9477eb4970dde9e51bf2eddfa78fd3791b0135bf,12509647.202201,9477986.014820002,29949.0,12577668.569398997,9561620.593721,29655.0,9Ns5,2026-02-18 18:22:41+00:00,2026-09-12 13:34:03+00:00
0x9f997f7c146fbc311aa5c1d0fd01b19b814277a5,14907406.049331,10613105.701762,40890.0,14593400.653997,10461864.518994998,40131.0,9Ns5,2026-02-18 18:22:05+00:00,2026-09-28 13:11:39+00:00
0xa38510261297a9a3d519d36c6566dae7065c4ff4,13173695.022226002,9382912.752478,34854.0,12679922.140993001,8991588.893486999,32519.0,9Ns5,2026-02-18 18:22:45+00:00,2026-09-25 15:35:43+00:00
0xa6ca7bae9aa52bc783c11cfbabb241e3bc361947,13486055.847202,9370344.097708998,35641.0,13532300.869908003,9420437.980994,34439.0,9Ns5,2026-02-18 18:21:47+00:00,2026-09-12 16:09:03+00:00
0xaec221ee2291af1ea41afa7b4d09a339622ed152,11647493.887371002,8806183.574879,27127.0,11923420.452999998,9061441.462506,27137.0,9Ns5,2026-02-18 18:22:29+00:00,2026-09-28 13:23:59+00:00
0xb14bb6f254574edd63173672c4237ca5c874725d,11496249.491704,8294223.585211,27369.0,11716952.470697,8469963.267417999,27153.0,9Ns5,2026-02-18 18:22:05+00:00,2026-09-28 13:37:09+00:00
0xb5b66a7af26744f0431a37eb7772a6f50f174e0e,16155005.603971,11459038.208616,41273.0,16717858.428376999,11928159.593543999,42575.0,9Ns5,2026-02-18 18:22:29+00:00,2026-09-08 20:37:13+00:00
0xbb5370334f2a3eeef4c419fb57a0b24bca3cf263,13718729.283282999,9466934.986865997,32980.0,13947029.582604002,9610341.960044999,33680.0,9Ns5,2026-02-18 18:22:25+00:00,2026-09-28 13:16:45+00:00
0xbb7e70cf7874379fc4f91ceb2bd3160b98c5da16,15326415.986274,11132695.067436002,40122.0,15893179.500560999,11626062.900675,39889.0,9Ns5,2026-02-18 18:22:29+00:00,2026-09-12 14:31:01+00:00
0xbbffac15080d30594edef134010864fba725477c,13824465.480895996,9997903.330588002,32006.0,14041209.3743,10214834.16491,32120.0,9Ns5,2026-02-18 18:22:33+00:00,2026-09-14 16:18:43+00:00
0xbc3fa7e33842a9804c08a52da7e395e6f95378f0,14914983.965702001,10871285.84876,38183.0,14886689.117008999,10928348.162352,37553.0,9Ns5,2026-02-18 18:22:41+00:00,2026-09-28 13:06:31+00:00
0xc1c3b7a1836fad06430e1edf9f881151b480080c,12479392.633411,8323732.83267,30627.0,12364383.162008002,8131418.7691480005,30700.0,9Ns5,2026-02-18 18:21:43+00:00,2026-09-28 13:17:47+00:00
0xc4926ab62d78f3a668bb4fd29ca04c06f8cd9f90,14023942.026411003,9387002.233535001,36466.0,14289303.681738999,9531192.283313002,37520.0,9Ns5,2026-02-18 18:22:19+00:00,2026-09-10 17:34:23+00:00
0xc4dae4a52f975147b7048222602b5ec9e0947236,11653091.450002,8282105.178594,28870.0,11312448.970213,8053382.374184,27618.0,9Ns5,2026-02-18 18:21:51+00:00,2026-09-28 13:41:11+00:00
0xc70b8ea6483ad00d24b48f96ae157b096becfe7d,13166086.045372998,9495696.381204002,34639.0,13388081.502548,9772581.379405001,33300.0,9Ns5,2026-02-18 18:22:19+00:00,2026-09-25 08:06:27+00:00
0xd31553c7032edd6a1854653b4e7e752183f16a77,13700850.539539002,9967762.613432,32078.0,14037276.198498,10293233.733772999,32894.0,9Ns5,2026-02-18 18:21:53+00:00,2026-09-28 13:22:47+00:00
0xd83350c134341e83000d81da157a3f0861d4b729,12182273.392703,8866517.984428002,28742.0,11723568.252478002,8539959.132204,27276.0,9Ns5,2026-02-18 18:21:47+00:00,2026-09-10 13:12:37+00:00
0xd953c6c2c8220393667fc950daa29da2d031a7ec,11687160.50317,8061821.607672999,28600.0,11641354.030793998,8048249.0962080015,28468.0,9Ns5,2026-02-18 18:22:19+00:00,2026-09-13 22:08:57+00:00
0xe90312437def98daccd661e2756f260361d42da4,13044773.530868,9255475.761969997,34429.0,12646955.440400003,8981036.070687,32714.0,9Ns5,2026-02-18 18:22:25+00:00,2026-09-25 14:02:07+00:00
0xe9c4f09513a211d341c28c3c102106bf0979c60f,12799867.578824,8992961.948368996,35426.0,12063498.423997998,8392569.536017999,34252.0,9Ns5,2026-02-18 18:22:19+00:00,2026-09-15 14:50:11+00:00
0xea5c69cf7d8b71cd4644d089649f946d9ec30b2a,16644263.248755002,11557485.710897,43793.0,16723812.836999997,11553526.852605999,44535.0,9Ns5,2026-02-18 18:21:43+00:00,2026-09-14 20:31:19+00:00
0xfa2c55ba9ab39a08a2699fdb1b48432fc4a88ff8,12364540.826385003,9095331.688585002,29537.0,12295384.837414002,9053305.610341998,28873.0,9Ns5,2026-02-18 18:22:33+00:00,2026-09-16 05:10:05+00:00
0xfa41cd7c7f68200270349ea2e8d3e847d9314a78,10196940.244943,7278417.510369,24272.0,9845411.151800001,7032375.064236,23768.0,9Ns5,2026-02-18 18:21:53+00:00,2026-09-26 20:57:37+00:00
0xfa86d8e80bd69bd974992db158784b1236337bfe,15971855.239333,11864407.654469,36488.0,17161188.41,12867110.069835,38750.0,9Ns5,2026-02-18 18:22:25+00:00,2026-05-18 16:15:09+00:00
0xfcfe488c68fad72b25241391e52116aaceeb9766,12317039.898566,8661022.192498,29980.0,11757384.717325998,8249002.503347,28878.0,9Ns5,2026-02-18 18:22:41+00:00,2026-09-21 18:34:01+00:00
0x0ec5f85aa1985c1d4113eaf84aff31d9377f3708,21606024.40645,14360448.965082003,43522.0,20939542.675000004,13882973.905185001,44203.0,9Ns5,2026-05-11 20:41:59+00:00,2026-09-28 13:20:35+00:00
0x106f90adb6ec8eacd2dffbfb1ca937bf8dc16bac,18264369.133569002,11993752.846278999,40334.0,19272178.456988998,12770434.641137999,41235.0,9Ns5,2026-05-12 09:32:49+00:00,2026-09-28 13:23:39+00:00
0x15b3176ee08c799b5eaad507127455b832596073,16730386.122006,11021227.631995,33909.0,17646593.577997,11702667.244786002,35715.0,9Ns5,2026-05-12 09:51:35+00:00,2026-09-28 13:16:25+00:00
0x16b8766e6b52bb0113213ad2d4987ec1e9b99e13,20708911.92483,13945676.269499,42139.0,20265695.899995,13569621.941440001,41856.0,9Ns5,2026-05-11 20:44:13+00:00,2026-09-28 13:27:41+00:00
0x1d1f3206e671fd2a67c943d93163e6bddfb4262f,21735806.119782,14336983.729120001,45450.0,19708729.027,12819186.028668001,41022.0,9Ns5,2026-05-12 09:35:01+00:00,2026-09-28 13:18:01+00:00
0x1e945453fcb562c562b72582d7254f58324b764a,20703925.099653997,13836601.832157,41659.0,17174070.968997,11410114.490502002,37039.0,9Ns5,2026-05-12 09:33:23+00:00,2026-09-28 13:26:47+00:00
0x23a51a2507f6db2efab5093c08e35e718925dca3,18587348.846660003,12097197.63585,38917.0,19741979.389996998,13068008.791909,39520.0,9Ns5,2026-05-11 20:41:59+00:00,2026-09-25 06:36:13+00:00
0x29bc885242f5c3c0bf1ff352598caf9bb503044d,18473875.564647,12351703.334321998,38434.0,17935222.23,11909678.558157999,38239.0,9Ns5,2026-05-11 20:41:59+00:00,2026-09-28 13:46:17+00:00
0x29dd54f3dd1491d1e2bc69944b5983e211f58aaf,18775470.536695,12397133.732804002,40570.0,18433639.682997998,12150240.927501,40250.0,9Ns5,2026-05-12 10:21:39+00:00,2026-09-28 13:39:05+00:00
0x3e02ca4daf734bca12a033bfff07f2075ee103a8,17610171.125523,11697746.408897,37985.0,18841453.554,12525873.618558,38269.0,9Ns5,2026-05-12 09:35:37+00:00,2026-09-28 13:15:09+00:00
0x4651f69873f1be6c94890d79e945b80ec9dd4fd3,20776914.736170996,13775499.367581999,43695.0,22492775.711999003,14922272.086473001,47800.0,9Ns5,2026-05-12 09:35:01+00:00,2026-09-28 13:56:51+00:00
0x467cd02aaf670d67d92f6aaf2bbcf9c2ecc73ba9,21761530.772623,14467228.387508001,46295.0,21003239.662996005,13920611.567225996,44133.0,9Ns5,2026-05-12 10:18:11+00:00,2026-09-28 13:56:51+00:00
0x4c7b7f67104195d35b5537348512fe1c1f15d85b,17512028.219357,11481719.639416002,36277.0,16988368.194995,11091829.937703999,34545.0,9Ns5,2026-05-12 10:21:39+00:00,2026-09-28 13:21:23+00:00
0x4eb14aed5077c93f720b98e9c512cdbe757ff3b3,20090785.330179,13252290.860737002,43064.0,17613917.244996,11522249.042859998,38287.0,9Ns5,2026-05-11 20:41:59+00:00,2026-09-28 13:52:27+00:00
0x578451b97342c6917b979fff91485cb42e7af9ec,16313833.175082998,10892545.024673996,33611.0,15379068.019996,10181374.604689999,32172.0,9Ns5,2026-05-11 21:09:03+00:00,2026-09-28 13:33:31+00:00
0x578c31a7a005b03cdd8b23671dd58d5310fcc8c1,15500724.604019998,10096702.547877,31718.0,17787031.250997,11689328.627455998,34468.0,9Ns5,2026-05-11 21:10:07+00:00,2026-09-28 13:14:09+00:00
0x58085d4b6662bbd2acdd99dffe3c78b8661422ec,19235036.407689,12709864.887022002,40206.0,19668435.740997,12981051.903105002,40346.0,9Ns5,2026-05-11 20:47:57+00:00,2026-09-28 13:23:17+00:00
0x5aa76047cafc5650dceac42089f3590538cc8550,17575012.45742,11595185.239268001,38100.0,18882404.487999998,12573461.829959,39471.0,9Ns5,2026-05-12 09:37:49+00:00,2026-09-28 13:12:11+00:00
0x5d5df741182561e9e2e3e1a143082daacff3795a,17322567.694479,11424586.953661999,37326.0,17857552.773997,11760520.001619002,37852.0,9Ns5,2026-05-12 09:33:23+00:00,2026-09-28 13:39:05+00:00
0x5dd1eb898cb24e00a0575d95afcb4f2d22410f9a,18368519.321699,12326956.959627999,35924.0,16824581.759,11210980.393493999,32880.0,9Ns5,2026-05-11 21:09:03+00:00,2026-09-28 13:25:09+00:00
0x696ec0da3a4c332694d66c6941e4383646bfae3f,17203449.072987005,11480965.042080002,36628.0,18693623.753996998,12582565.455475,37065.0,9Ns5,2026-05-12 10:20:45+00:00,2026-09-28 13:26:47+00:00
0x7a9813714db9f2042cf7bdea4421c954d79243e6,20542342.133093003,13556780.800559001,45299.0,19545914.631996997,12808148.935389,42228.0,9Ns5,2026-05-12 10:18:11+00:00,2026-09-28 13:26:37+00:00
0x81801025871ee73ac195edd2ffb4b3353b765e00,22013441.154607,14670248.781334002,46041.0,21218051.768994,14183563.356600001,44073.0,9Ns5,2026-05-12 10:18:11+00:00,2026-09-28 13:18:01+00:00
0x8d6dee7ecf3a4776bcd9dd895e8e23efde4816a4,16657958.878078999,11044567.226684,33708.0,17689423.325998,11862359.532413,34722.0,9Ns5,2026-05-11 21:05:51+00:00,2026-09-25 14:25:33+00:00
0xbb6bd94a674260815f9af84cf392b19214b4e023,19677862.76745,13032525.095579,40186.0,17026805.588999998,11248157.018542001,34444.0,9Ns5,2026-05-12 09:32:49+00:00,2026-09-28 13:26:37+00:00
0xcf186e0d509c32402f869bafb690286c75d9c2ae,14999976.581672998,9679785.907111999,32619.0,18104141.469000004,11876990.329807999,37029.0,9Ns5,2026-05-11 21:13:19+00:00,2026-09-28 13:19:37+00:00
0xd6c696526a2f64cfdf08341ee819bf127b9135a1,16941613.944526,10944364.059208002,38688.0,19676747.979995005,12880632.852091,43267.0,9Ns5,2026-05-12 09:33:23+00:00,2026-09-28 13:24:33+00:00
0xd70ceccf2ef3462078984cac81336327707290af,16840411.162175003,11216297.290130999,36169.0,18857438.819000002,12606503.014282001,38522.0,9Ns5,2026-05-11 20:47:25+00:00,2026-09-28 13:12:31+00:00
0xddde391c2544b526c7481543e577dad6423edede,16365129.054684,10819503.491449,33739.0,16072294.462997,10629904.545439001,33538.0,9Ns5,2026-05-11 21:10:07+00:00,2026-09-28 13:12:39+00:00
0xe55c7154097f8832be1e3d83d0e7be49c704830e,18693238.446935,12379844.095888,39969.0,18560565.747998003,12301395.394104999,38889.0,9Ns5,2026-05-11 20:43:05+00:00,2026-09-28 13:34:47+00:00
0xe7c1c5522eda5ae252b0574f7a642ae74f8af3a3,18400836.571872,11995225.729508,41254.0,20634568.055994,13531630.649047002,43968.0,9Ns5,2026-05-12 09:46:45+00:00,2026-09-28 13:48:49+00:00
0xeb010bace7dbedb1a20d33f28de070367ccc8e46,15574974.508923003,10233650.683095,33585.0,16489756.497998,10951988.814738,34972.0,9Ns5,2026-05-11 21:04:49+00:00,2026-09-28 13:33:31+00:00
0xf007a22e23fa36e641cb3fc5c9d543476f9737ae,19226546.171658,12639008.383159999,42183.0,19967072.775994,13243221.650657002,43226.0,9Ns5,2026-05-12 09:37:17+00:00,2026-09-28 13:30:57+00:00
0xf2127bcb896968cffd1d2e656c1b0cd5868eaf6d,19986537.509762004,13224020.484975,40752.0,17828052.791997004,11724662.239133,37796.0,9Ns5,2026-05-12 09:33:23+00:00,2026-09-28 13:26:47+00:00
0xf32b50d6526d4741629461ce436bf7a79fb8e188,20106580.889836,13392485.518595,40980.0,19594623.335,12934678.796598,41252.0,9Ns5,2026-05-12 10:21:39+00:00,2026-09-28 13:24:33+00:00
0xf3f56bf1914c904b37fffcef5f13d6343438cf36,20934320.104626,13749757.837577999,43240.0,19584259.673996996,12841226.600465,41325.0,9Ns5,2026-05-12 09:46:45+00:00,2026-09-28 13:52:27+00:00
0xf9e019b835590f11e8b7279141fce5f07320a4c9,20144259.403607998,13325313.338534001,38141.0,15994920.220998,10268571.985035002,32495.0,9Ns5,2026-05-11 21:10:07+00:00,2026-09-10 15:55:51+00:00
0xfad5b1f2d7f59bde91dd7e2c0b170be6101ae97a,18241361.664977,12082926.583377998,39327.0,19802828.982997004,13127023.497161,44754.0,9Ns5,2026-05-12 09:45:41+00:00,2026-09-28 13:41:51+00:00
0xfc5d6ef1ebdead2a79633dbbeb1392fafee264df,16931789.66999,11367621.430235999,34360.0,15776580.687996,10551953.475681001,32563.0,9Ns5,2026-05-11 21:04:49+00:00,2026-09-28 13:25:09+00:00
0xff3de15715fe508970c31824ddb455cf61e2ed99,17856485.528621998,11711618.381259002,41239.0,20308629.383998,13393868.732846,44246.0,9Ns5,2026-05-12 09:47:49+00:00,2026-09-28 13:24:25+00:00
0x196c747e02635b3de6d3f67580ba62ed482fc864,17556252.480049,11744284.176500002,35968.0,16138238.05,10875196.617789999,33524.0,9Ns5,2026-05-14 13:40:37+00:00,2026-09-28 13:20:21+00:00
0x20e8f154a877034dd0145b304d90b99bbd8d558d,18436243.91,12461276.771388996,37895.0,19299950.953996003,13096180.951786999,39354.0,9Ns5,2026-05-14 13:37:59+00:00,2026-09-28 13:12:25+00:00
0x21ea7251a8368ce69c06b81f45f6ff3147feea36,19481167.193259,13146016.328364002,39114.0,18235902.121,12330842.294913001,36031.0,9Ns5,2026-05-12 18:59:37+00:00,2026-09-28 13:12:17+00:00
0x2a0a7cab60677aaa6706cc0f4ce76665dae69fa3,15962509.55517,10637274.754454,34811.0,19551383.649,13212646.94756,39742.0,9Ns5,2026-05-12 19:07:23+00:00,2026-09-28 13:57:03+00:00
0x46ee7d5fb144f76aac5f9214528f30a91450c501,18296618.704107996,12212577.931109997,38747.0,19024041.685000002,12724366.13616,39040.0,9Ns5,2026-05-12 18:57:01+00:00,2026-09-28 13:04:05+00:00
0x5bf481a94e1fcadf9db3d73b97c4b799272115ce,18797982.271968,12539287.004509,39431.0,21226206.090989,14425398.880399998,42818.0,9Ns5,2026-05-12 18:57:01+00:00,2026-09-28 13:57:03+00:00
0x6fc5910e7227e206cef2ed20737680becaa9d2bd,16075202.113789,10717194.462304998,35765.0,17805374.671,11922493.894927999,37863.0,9Ns5,2026-05-14 13:39:43+00:00,2026-09-28 13:10:57+00:00
0x7116b11588a6e204b5ed94fd7c2c5020578dd83c,18839316.693591002,12648430.012624001,39592.0,18022246.007,11888720.993067002,38441.0,9Ns5,2026-05-12 18:58:17+00:00,2026-09-28 13:37:07+00:00
0x97acc627ca2d37320ff1b6daa8d024eccde95336,17726590.739939,11877711.717527,37985.0,16550350.972998,11026585.440369999,36432.0,9Ns5,2026-05-14 13:38:51+00:00,2026-09-28 13:20:21+00:00
0x9c44b10f39e6a07889ed3d821669565fb11409b3,19097343.738377005,13046671.692524,37521.0,15991863.674999,10807745.748309,33093.0,9Ns5,2026-05-14 13:38:51+00:00,2026-09-28 13:20:21+00:00
0xc2752b98d8241473addccc6e80c3b2b40b5da901,20849194.966298003,14161311.59245,41330.0,15738219.233997002,10492880.356037,33394.0,9Ns5,2026-05-12 18:57:01+00:00,2026-09-28 13:24:45+00:00
0xc78c9c0ace0e8a3c84d906be1cde374ea9e45962,16603320.495376,11122708.119518999,36610.0,17734839.499992,11919853.204464,38063.0,9Ns5,2026-05-14 13:47:35+00:00,2026-09-28 13:57:01+00:00
0xcab263f601d7d58ebd4544c3701d2d5c2f7f477c,18562977.402325004,12476949.630235,38262.0,19521922.732988,13138896.689437,38713.0,9Ns5,2026-05-12 19:11:15+00:00,2026-09-28 13:23:59+00:00
0xcf7d452632551dc67b321a0bad2db0cd0ccf01db,19188511.985432,13077066.500406,38916.0,18459633.526998002,12460602.074223,38446.0,9Ns5,2026-05-12 18:56:25+00:00,2026-09-25 11:35:55+00:00
0xd3abc6684aae3c47b44ecad5f8ce43ad578b861c,19889534.760946,13471192.916872999,40200.0,16884581.893,11289895.128499001,35217.0,9Ns5,2026-05-14 13:37:59+00:00,2026-09-28 13:20:21+00:00
0xd96155cc52ad7d3ff7a39c95fa515b965e358af8,17365932.923318997,11674595.935093,36373.0,18270869.37499,12253669.417222,38226.0,9Ns5,2026-05-14 13:38:51+00:00,2026-09-28 13:17:39+00:00
0xe2867815c595a0b889570f03f01f369b3406470f,19528269.855787996,13061545.714822,39747.0,18811444.762000002,12634036.464878999,40220.0,9Ns5,2026-05-12 18:56:25+00:00,2026-09-28 13:26:57+00:00
0xf46b6d0c6dd31ac12f260732940f16b41ebd8737,15229694.481479,10166193.287392,33358.0,16631004.342999998,11245962.696185999,34626.0,9Ns5,2026-05-14 13:49:29+00:00,2026-09-28 13:20:21+00:00
0xfa040f8b4f5a81abe71591c14b304ab2db19d5cf,15793665.079579,10538756.846994001,35130.0,17944818.468999,12026035.171399,37663.0,9Ns5,2026-05-14 13:40:39+00:00,2026-09-28 13:30:31+00:00
0xfcddeea788a40bfd216af7097fbf386282fb6653,15948994.992617,10692991.197247002,34685.0,17794534.037000004,11978411.723217001,36799.0,9Ns5,2026-05-14 13:40:39+00:00,2026-09-28 13:30:31+00:00
