day,group,contracts
2024-04-24,amm_other,0.13981550346451985
2024-04-25,amm_other,0.27839307175066014
2024-04-26,amm_other,0.06601939653420534
2024-04-27,amm_other,0.3063202227660613
2024-04-29,amm_other,0.001791339684548706
2024-04-30,amm_other,0.15726251453898388
2024-05-01,amm_other,0.000924122239590344
2024-05-03,amm_other,0.01502640209101351
2024-05-04,amm_other,1.5818550529600937
2024-05-06,amm_other,1.2407660593566898
2024-05-07,amm_other,0.01053015581774482
2024-05-08,amm_other,0.001716229139388009
2024-05-09,amm_other,0.4176177646171612
2024-05-10,amm_other,0.029196020168704647
2024-05-11,amm_other,0.012090066668069433
2024-05-13,amm_other,0.5425669953154286
2024-05-14,amm_other,0.003052156421871659
2024-05-15,amm_other,0.004921062803254893
2024-05-16,amm_other,0.010973129334974397
2024-05-17,amm_other,8859.720196315136
2024-05-18,amm_other,0.1886785539703651
2024-05-21,amm_other,315739.0581961522
2024-05-22,amm_other,910.1185089033298
2024-05-23,amm_other,2177.935074269466
2024-05-26,amm_other,129.76678923248596
2024-05-27,amm_other,0.03136491680749532
2024-05-28,amm_other,240803.29684417538
2024-05-29,amm_other,906.1631994934304
2024-05-31,amm_other,6.831861258458999e-05
2024-06-01,amm_other,0.011051933606266771
2024-06-04,amm_other,0.001568511792325105
2024-06-05,amm_other,0.001722011903848115
2024-06-06,amm_other,0.002982707974255784
2024-06-07,amm_other,0.002139143982705128
2024-06-12,amm_other,0.13333568760458497
2024-06-13,amm_other,0.15684157841546428
2024-06-18,amm_other,32.677951973133496
2024-06-19,amm_other,162.38708142387523
2024-06-20,amm_other,300.807344
2024-06-21,amm_other,29.818758626926282
2024-06-23,amm_other,61.16743591017838
2024-06-25,amm_other,1608.728440054804
2024-06-26,amm_other,1359.2281949240464
2024-06-27,amm_other,28.29643823086541
2024-06-28,amm_other,8.11447
2024-06-29,amm_other,491.992271
2024-07-01,amm_other,1252.2167442497362
2024-07-02,amm_other,0.002842199801296209
2024-07-03,amm_other,62.22652720395531
2024-07-04,amm_other,9.232215305332517
2024-07-05,amm_other,151.57648017264378
2024-07-06,amm_other,4424.042176519811
2024-07-07,amm_other,316.574526
2024-07-08,amm_other,337.557759
2024-07-09,amm_other,228105.3464596855
2024-07-10,amm_other,299632.5664196281
2024-07-11,amm_other,617561.562767239
2024-07-12,amm_other,127361.38596482377
2024-07-13,amm_other,124.666028
2024-07-14,amm_other,637.1680220000001
2024-07-15,amm_other,98.88312920535961
2024-07-16,amm_other,0.5668534811212008
2024-07-17,amm_other,15264.08737328018
2024-07-18,amm_other,457510.547819005
2024-07-19,amm_other,2695.9384107195774
2024-07-20,amm_other,796.1140548099081
2024-07-21,amm_other,461.9633122132828
2024-07-22,amm_other,27735.61840401439
2024-07-23,amm_other,2987.4252970943667
2024-07-24,amm_other,3.008098426998936
2024-07-25,amm_other,2202.397204372468
2024-07-26,amm_other,3611.6244417286393
2024-07-27,amm_other,29.98554583953016
2024-07-28,amm_other,5603.844514235918
2024-07-29,amm_other,5.314416390937718
2024-07-30,amm_other,92.29919835261342
2024-07-31,amm_other,656.9253370564721
2024-08-01,amm_other,72.19930747423776
2024-08-02,amm_other,4833.39403236278
2024-08-03,amm_other,247.7641291415063
2024-08-04,amm_other,49.86037816342126
2024-08-05,amm_other,1670.9434921006423
2024-08-06,amm_other,4.6687698623085945
2024-08-07,amm_other,2136.175924562457
2024-08-08,amm_other,2176.3843900637457
2024-08-09,amm_other,1355.3434249013937
2024-08-10,amm_other,238.1009046403799
2024-08-11,amm_other,36754.596616682225
2024-08-12,amm_other,824.2444389999999
2024-08-13,amm_other,1731.700991
2024-08-14,amm_other,4558.280170481319
2024-08-15,amm_other,1780.8919425289796
2024-08-16,amm_other,3771.220132662728
2024-08-17,amm_other,846.653662
2024-08-18,amm_other,0.6277211980077305
2024-08-19,amm_other,2008.414894335086
2024-08-20,amm_other,41.71768889749308
2024-08-21,amm_other,534.4271079093634
2024-08-22,amm_other,634.8314763407334
2024-08-23,amm_other,290.5454871641089
2024-08-24,amm_other,0.18360100000000001
2024-08-25,amm_other,834.088123
2024-08-26,amm_other,1419.5444182362216
2024-08-27,amm_other,13743.409363
2024-08-28,amm_other,36371.63828567389
2024-08-29,amm_other,20665.07637254345
2024-08-30,amm_other,44573.51083581386
2024-08-31,amm_other,64220.567795
2024-09-01,amm_other,134728.47822218877
2024-09-02,amm_other,141991.8380214016
2024-09-03,amm_other,289477.43678070314
2024-09-04,amm_other,265347.635631
2024-09-05,amm_other,405850.52457300894
2024-09-06,amm_other,263825.21187
2024-09-07,amm_other,239946.90318408486
2024-09-08,amm_other,361293.21500146727
2024-09-09,amm_other,482854.9062664769
2024-09-10,amm_other,233605.38796394685
2024-09-11,amm_other,308265.46788205864
2024-09-12,amm_other,311404.93332903204
2024-09-13,amm_other,326962.87238828134
2024-09-14,amm_other,211031.7584288444
2024-09-15,amm_other,300695.6429087154
2024-09-16,amm_other,263370.5985147742
2024-09-17,amm_other,220572.59170660365
2024-09-18,amm_other,476293.3163280818
2024-09-19,amm_other,257022.06075057207
2024-09-20,amm_other,234700.07419014288
2024-09-21,amm_other,131553.3372118543
2024-09-22,amm_other,205948.984026235
2024-09-23,amm_other,246073.24352255845
2024-09-24,amm_other,319508.67894452304
2024-09-25,amm_other,288495.5291353134
2024-09-26,amm_other,198361.6761824187
2024-09-27,amm_other,383579.4058413032
2024-09-28,amm_other,155006.26301719673
2024-09-29,amm_other,372872.64530049596
2024-09-30,amm_other,562493.702403814
2024-10-01,amm_other,367169.82075479114
2024-10-02,amm_other,779685.7672170714
2024-10-03,amm_other,1446233.0298864965
2024-10-04,amm_other,1513162.408251515
2024-10-05,amm_other,622254.1638060908
2024-10-06,amm_other,432795.32237525174
2024-10-07,amm_other,788563.8979631539
2024-10-08,amm_other,662034.015982
2024-10-09,amm_other,749145.2284011272
2024-10-10,amm_other,848224.119789
2024-10-11,amm_other,615792.6298649235
2024-10-12,amm_other,427495.92889477464
2024-10-13,amm_other,464924.6074028201
2024-10-14,amm_other,364643.30330294906
2024-10-15,amm_other,726313.7614750791
2024-10-16,amm_other,256901.8297483394
2024-10-17,amm_other,262272.68997741176
2024-10-18,amm_other,547484.6198101378
2024-10-19,amm_other,493263.9998291738
2024-10-20,amm_other,752874.0460282365
2024-10-21,amm_other,450336.9178679728
2024-10-22,amm_other,480883.7027420491
2024-10-23,amm_other,544866.2200008316
2024-10-24,amm_other,277962.39559204166
2024-10-25,amm_other,594850.2340198447
2024-10-26,amm_other,362531.602107
2024-10-27,amm_other,560977.594372
2024-10-28,amm_other,695919.139575
2024-10-29,amm_other,579897.570379
2024-10-30,amm_other,590440.834318
2024-10-31,amm_other,689546.3578839999
2024-11-01,amm_other,583070.7758509305
2024-11-02,amm_other,555573.4768008208
2024-11-03,amm_other,348864.5824737626
2024-11-04,amm_other,427853.4246102572
2024-11-05,amm_other,462274.0175128506
2024-11-06,amm_other,648976.023146825
2024-11-07,amm_other,345701.345194535
2024-11-08,amm_other,398660.80557949655
2024-11-09,amm_other,398448.6037895343
2024-11-10,amm_other,386686.801322102
2024-11-11,amm_other,337832.31598030915
2024-11-12,amm_other,462163.42146623664
2024-11-13,amm_other,458301.8535382404
2024-11-14,amm_other,559521.0263563469
2024-11-15,amm_other,311010.28856280266
2024-11-16,amm_other,282702.6452716409
2024-11-17,amm_other,442661.9075329894
2024-11-18,amm_other,330595.5830692957
2024-11-19,amm_other,347494.1370684221
2024-11-20,amm_other,117502.14941950681
2024-11-21,amm_other,147004.17987365127
2024-11-22,amm_other,142996.60929116665
2024-11-23,amm_other,113394.16862559442
2024-11-24,amm_other,101717.08635124793
2024-11-25,amm_other,173315.30053959982
2024-11-26,amm_other,150655.43118338092
2024-11-27,amm_other,358514.18883833266
2024-11-28,amm_other,300229.2061136338
2024-11-29,amm_other,272051.643226458
2024-11-30,amm_other,234353.51435588973
2024-12-01,amm_other,415273.37787854456
2024-12-02,amm_other,636664.2175259453
2024-12-03,amm_other,493461.0077278221
2024-12-04,amm_other,509177.26785361144
2024-12-05,amm_other,675581.7329056816
2024-12-06,amm_other,361880.9557310397
2024-12-07,amm_other,318430.93153554574
2024-12-08,amm_other,404518.8696906811
2024-12-09,amm_other,266851.9531890976
2024-12-10,amm_other,155163.90406523042
2024-12-11,amm_other,235437.4633285117
2024-12-12,amm_other,149182.03066448763
2024-12-13,amm_other,186381.47798363827
2024-12-14,amm_other,355924.47664019547
2024-12-15,amm_other,522834.52578795986
2024-12-16,amm_other,245742.85624923938
2024-12-17,amm_other,135716.56151665238
2024-12-18,amm_other,130071.11250450628
2024-12-19,amm_other,140365.59701670072
2024-12-20,amm_other,92833.98676735695
2024-12-21,amm_other,85344.29088452872
2024-12-22,amm_other,46998.30222018691
2024-12-23,amm_other,289712.79299009964
2024-12-24,amm_other,360130.4687340227
2024-12-25,amm_other,626676.0813958845
2024-12-26,amm_other,858351.7823222842
2024-12-27,amm_other,665672.1244424355
2024-12-28,amm_other,513883.34737680125
2024-12-29,amm_other,539833.9883680976
2024-12-30,amm_other,479884.62314574386
2024-12-31,amm_other,685735.2780126077
2025-01-01,amm_other,681604.9887234464
2025-01-02,amm_other,718337.5160605574
2025-01-03,amm_other,688709.8844327148
2025-01-04,amm_other,701439.7019542034
2025-01-05,amm_other,641802.7095511442
2025-01-06,amm_other,796742.2825467098
2025-01-07,amm_other,504653.47536861006
2025-01-08,amm_other,396393.2197197357
2025-01-09,amm_other,428020.5104295202
2025-01-10,amm_other,449145.3916545255
2025-01-11,amm_other,672489.7149932414
2025-01-12,amm_other,778925.5775669978
2025-01-13,amm_other,919580.2468124634
2025-01-14,amm_other,720136.134746991
2025-01-15,amm_other,411979.733307562
2025-01-16,amm_other,421025.72084911395
2025-01-17,amm_other,512401.6897227382
2025-01-18,amm_other,313215.4415857391
2025-01-19,amm_other,474206.8494691074
2025-01-20,amm_other,973208.805663
2025-01-21,amm_other,311616.1776313431
2025-01-22,amm_other,483736.92324922147
2025-01-23,amm_other,492452.8526921369
2025-01-24,amm_other,426548.95837608806
2025-01-25,amm_other,279155.1381014793
2025-01-26,amm_other,240391.43197094518
2025-01-27,amm_other,225129.7855402809
2025-01-28,amm_other,360095.496667021
2025-01-29,amm_other,365507.9527412153
2025-01-30,amm_other,375469.847341537
2025-01-31,amm_other,642363.3014149748
2025-02-01,amm_other,577797.603856864
2025-02-02,amm_other,474994.2084424675
2025-02-03,amm_other,137617.67222010234
2025-02-04,amm_other,83135.56994335658
2025-02-05,amm_other,63309.14897014291
2025-02-06,amm_other,65456.81724790134
2025-02-07,amm_other,84839.6956651386
2025-02-08,amm_other,33002.936790361506
2025-02-09,amm_other,32333.512530283606
2025-02-10,amm_other,121451.46270508115
2025-02-11,amm_other,37046.99346310318
2025-02-12,amm_other,94839.95199270651
2025-02-13,amm_other,99270.78452481655
2025-02-14,amm_other,94180.15524834885
2025-02-15,amm_other,23479.25467471342
2025-02-16,amm_other,44917.79026778235
2025-02-17,amm_other,45679.4096052686
2025-02-18,amm_other,54794.622188704154
2025-02-19,amm_other,87935.26014915164
2025-02-20,amm_other,61972.50839804132
2025-02-21,amm_other,206303.82045343018
2025-02-22,amm_other,64446.04704564287
2025-02-23,amm_other,14610.339062373634
2025-02-24,amm_other,71918.81137966388
2025-02-25,amm_other,52455.58494250558
2025-02-26,amm_other,50599.089900259234
2025-02-27,amm_other,62954.502168092884
2025-02-28,amm_other,107871.923994599
2025-03-01,amm_other,22676.253715081963
2025-03-02,amm_other,9835.747174585684
2025-03-03,amm_other,75734.47855453526
2025-03-04,amm_other,93590.50279277157
2025-03-05,amm_other,29200.80000138307
2025-03-06,amm_other,73455.4784972413
2025-03-07,amm_other,172784.42228768856
2025-03-08,amm_other,11123.369354193785
2025-03-09,amm_other,16476.78556597693
2025-03-10,amm_other,23012.56439370282
2025-03-11,amm_other,59464.31465022538
2025-03-12,amm_other,68356.91499291605
2025-03-13,amm_other,43172.5346864973
2025-03-14,amm_other,82519.74321769808
2025-03-15,amm_other,17373.017318304395
2025-03-16,amm_other,31960.408592898344
2025-03-17,amm_other,79326.67596784866
2025-03-18,amm_other,73254.4152247232
2025-03-19,amm_other,68488.45128177552
2025-03-20,amm_other,67596.92914794236
2025-03-21,amm_other,73093.55247064249
2025-03-22,amm_other,20293.333167951238
2025-03-23,amm_other,18919.197067887202
2025-03-24,amm_other,276548.16512089054
2025-03-25,amm_other,663560.8890269165
2025-03-26,amm_other,561731.1911265707
2025-03-27,amm_other,651231.4429928291
2025-03-28,amm_other,764892.7121324044
2025-03-29,amm_other,245698.32770117058
2025-03-30,amm_other,701397.1021507194
2025-03-31,amm_other,715346.1665278755
2025-04-01,amm_other,702371.5324692769
2025-04-02,amm_other,614298.9813080615
2025-04-03,amm_other,508541.50828272826
2025-04-04,amm_other,665532.035365644
2025-04-05,amm_other,419720.5759465954
2025-04-06,amm_other,309629.1351977098
2025-04-07,amm_other,1196296.824376
2025-04-08,amm_other,1225293.492937
2025-04-09,amm_other,1191773.523359
2025-04-10,amm_other,785016.44805
2025-04-11,amm_other,1102133.311057
2025-04-12,amm_other,646256.899159
2025-04-13,amm_other,775298.167136
2025-04-14,amm_other,1131601.663694
2025-04-15,amm_other,1385170.470934
2025-04-16,amm_other,1010355.015791
2025-04-17,amm_other,1105692.266572
2025-04-18,amm_other,1165010.318032
2025-04-19,amm_other,777764.378685
2025-04-20,amm_other,652091.5678290001
2025-04-21,amm_other,1112237.981272
2025-04-22,amm_other,864613.995174
2025-04-23,amm_other,698140.197892
2025-04-24,amm_other,622477.513211
2025-04-25,amm_other,1323173.312481
2025-04-26,amm_other,1174646.921127
2025-04-27,amm_other,1262719.037507
2025-04-28,amm_other,1086164.279824
2025-04-29,amm_other,735052.37655
2025-04-30,amm_other,914015.2978899999
2025-05-01,amm_other,810657.2221359999
2025-05-02,amm_other,834916.010746
2025-05-03,amm_other,730027.9081219999
2025-05-04,amm_other,551536.636742
2025-05-05,amm_other,803538.272221
2025-05-06,amm_other,738471.485013
2025-05-07,amm_other,707708.9800560001
2025-05-08,amm_other,914525.9329080001
2025-05-09,amm_other,942208.546187
2025-05-10,amm_other,821710.729559
2025-05-11,amm_other,810860.23824
2025-05-12,amm_other,894444.875824
2025-05-13,amm_other,912883.064767
2025-05-14,amm_other,872273.063145
2025-05-15,amm_other,850400.213601
2025-05-16,amm_other,1276995.022553
2025-05-17,amm_other,779387.692846
2025-05-18,amm_other,629436.206394
2025-05-19,amm_other,967069.074238
2025-05-20,amm_other,720419.312545
2025-05-21,amm_other,761631.707796
2025-05-22,amm_other,932812.381287
2025-05-23,amm_other,974353.29787
2025-05-24,amm_other,777595.779943
2025-05-25,amm_other,792715.291146
2025-05-26,amm_other,1008386.7283399999
2025-05-27,amm_other,973333.581135
2025-05-28,amm_other,564277.538492
2025-05-29,amm_other,554297.3656039999
2025-05-30,amm_other,581537.033851
2025-05-31,amm_other,578605.133959
2025-06-01,amm_other,559164.132252
2025-06-02,amm_other,611554.905654
2025-06-03,amm_other,564618.536178
2025-06-04,amm_other,591362.537413
2025-06-05,amm_other,566686.527094
2025-06-06,amm_other,705960.887059
2025-06-07,amm_other,552559.549394
2025-06-08,amm_other,537768.099267
2025-06-09,amm_other,595780.604921
2025-06-10,amm_other,615485.425797
2025-06-11,amm_other,589880.979157
2025-06-12,amm_other,625569.221038
2025-06-13,amm_other,689357.6115690001
2025-06-14,amm_other,597036.196066
2025-06-15,amm_other,564826.554416
2025-06-16,amm_other,611113.664997
2025-06-17,amm_other,670786.381334
2025-06-18,amm_other,773025.5177099999
2025-06-19,amm_other,635501.9728110001
2025-06-20,amm_other,679759.513322
2025-06-21,amm_other,570954.871066
2025-06-22,amm_other,572257.894473
2025-06-23,amm_other,628452.193358
2025-06-24,amm_other,584247.138445
2025-06-25,amm_other,524391.580203
2025-06-26,amm_other,539220.179351
2025-06-27,amm_other,706761.056003
2025-06-28,amm_other,550607.780315
2025-06-29,amm_other,552566.826856
2025-06-30,amm_other,504040.585813
2025-07-01,amm_other,629825.477698
2025-07-02,amm_other,720427.309142
2025-07-03,amm_other,267828.142961
2025-07-04,amm_other,247614.976525
2025-07-05,amm_other,224944.804214
2025-07-06,amm_other,271046.701495
2025-07-07,amm_other,291853.989894
2025-07-08,amm_other,293516.499542
2025-07-09,amm_other,294330.467018
2025-07-10,amm_other,310426.736881
2025-07-11,amm_other,325514.86132699996
2025-07-12,amm_other,318422.099994
2025-07-13,amm_other,362537.956856
2025-07-14,amm_other,295405.212518
2025-07-15,amm_other,63125.284163000004
2025-07-16,amm_other,53471.312287
2025-07-17,amm_other,58966.218913
2025-07-18,amm_other,90368.732381
2025-07-19,amm_other,144535.154546
2025-07-20,amm_other,74612.205754
2025-07-21,amm_other,63737.802339
2025-07-22,amm_other,70113.167164
2025-07-23,amm_other,62116.282892999996
2025-07-24,amm_other,62624.651263
2025-07-25,amm_other,70183.201447
2025-07-26,amm_other,72808.32835
2025-07-27,amm_other,61747.295532000004
2025-07-28,amm_other,64465.112372
2025-07-29,amm_other,64819.32148
2025-07-30,amm_other,65059.040001
2025-07-31,amm_other,107560.225345
2025-08-01,amm_other,168327.378134
2025-08-02,amm_other,111226.97494
2025-08-03,amm_other,71110.543141
2025-08-04,amm_other,76615.723737
2025-08-05,amm_flashloan,35.40920800000001
2025-08-05,amm_other,96043.472384
2025-08-06,amm_flashloan,269.17823
2025-08-06,amm_other,136025.368411
2025-08-07,amm_flashloan,309.594363
2025-08-07,amm_other,106495.047666
2025-08-08,amm_flashloan,252.056861
2025-08-08,amm_other,116711.992912
2025-08-09,amm_flashloan,69.86764
2025-08-09,amm_other,116757.634336
2025-08-10,amm_flashloan,171.651083
2025-08-10,amm_other,121652.68014
2025-08-11,amm_flashloan,2.207057
2025-08-11,amm_other,121890.097689
2025-08-12,amm_flashloan,61.292142
2025-08-12,amm_other,100594.310198
2025-08-13,amm_flashloan,71.495487
2025-08-13,amm_other,102694.213221
2025-08-14,amm_flashloan,69.484945
2025-08-14,amm_other,101138.647148
2025-08-15,amm_flashloan,131.85876
2025-08-15,amm_other,80859.876617
2025-08-16,amm_flashloan,50.62539099999999
2025-08-16,amm_other,84816.604283
2025-08-17,amm_flashloan,266.372142
2025-08-17,amm_other,107878.706572
2025-08-18,amm_flashloan,22.325891
2025-08-18,amm_other,80882.919447
2025-08-19,amm_flashloan,106.15602999999999
2025-08-19,amm_other,88595.01195
2025-08-20,amm_flashloan,29.310685
2025-08-20,amm_other,88528.501559
2025-08-21,amm_flashloan,57.581131
2025-08-21,amm_other,120959.710036
2025-08-22,amm_flashloan,91.28753
2025-08-22,amm_other,112023.204346
2025-08-23,amm_flashloan,33.703683
2025-08-23,amm_other,99373.857657
2025-08-24,amm_flashloan,102.329037
2025-08-24,amm_other,123661.01972
2025-08-25,amm_other,131411.026251
2025-08-26,amm_other,110025.891227
2025-08-27,amm_other,133617.999456
2025-08-28,amm_flashloan,6.734764
2025-08-28,amm_other,95347.474715
2025-08-29,amm_flashloan,26.830429
2025-08-29,amm_other,100640.96401
2025-08-30,amm_flashloan,208.688644
2025-08-30,amm_other,70728.13149100001
2025-08-31,amm_flashloan,39.338596
2025-08-31,amm_other,97980.53546
2025-09-01,amm_flashloan,25.868495
2025-09-01,amm_other,119546.394104
2025-09-02,amm_flashloan,7.886461
2025-09-02,amm_other,212847.802813
2025-09-03,amm_flashloan,10.228881
2025-09-03,amm_other,212090.30442
2025-09-04,amm_other,302623.305831
2025-09-05,amm_flashloan,72.476928
2025-09-05,amm_other,392258.856731
2025-09-06,amm_flashloan,68.385283
2025-09-06,amm_other,427873.192204
2025-09-07,amm_flashloan,8.443084
2025-09-07,amm_other,553085.324666
2025-09-08,amm_other,486554.07379
2025-09-09,amm_flashloan,61.249404
2025-09-09,amm_other,696502.575485
2025-09-10,amm_flashloan,118.23927499999999
2025-09-10,amm_other,776135.601802
2025-09-11,amm_other,609517.661097
2025-09-12,amm_other,713270.705574
2025-09-13,amm_flashloan,7.024222
2025-09-13,amm_other,823390.516285
2025-09-14,amm_flashloan,11.594018
2025-09-14,amm_other,1145489.575
2025-09-15,amm_flashloan,71.569919
2025-09-15,amm_other,1360795.262096
2025-09-16,amm_flashloan,182.677266
2025-09-16,amm_other,2248593.819942
2025-09-17,amm_flashloan,352.459854
2025-09-17,amm_other,2304085.580774
2025-09-18,amm_flashloan,1564.282929
2025-09-18,amm_other,2610247.956988
2025-09-19,amm_flashloan,28.681439
2025-09-19,amm_other,3716014.163799
2025-09-20,amm_flashloan,144.60507700000002
2025-09-20,amm_other,4274074.807757
2025-09-21,amm_flashloan,259.501001
2025-09-21,amm_other,5763842.468929
2025-09-22,amm_flashloan,741.702233
2025-09-22,amm_other,1628027.695964
2025-09-23,amm_flashloan,73.925899
2025-09-23,amm_other,733818.937498
2025-09-24,amm_flashloan,255.862163
2025-09-24,amm_other,898444.991826
2025-09-25,amm_flashloan,0.273298
2025-09-25,amm_other,1180142.433836
2025-09-26,amm_flashloan,142.706994
2025-09-26,amm_other,1655136.285458
2025-09-27,amm_flashloan,347.842974
2025-09-27,amm_other,1743130.17268
2025-09-28,amm_flashloan,453.58116900000005
2025-09-28,amm_other,2932810.007426
2025-09-29,amm_flashloan,485.242033
2025-09-29,amm_other,2296572.650345
2025-09-30,amm_flashloan,274.528589
2025-09-30,amm_other,2024815.444693
2025-10-01,amm_other,2091555.610482
2025-10-02,amm_other,2147409.092106
2025-10-03,amm_flashloan,385.194325
2025-10-03,amm_other,3314640.033569
2025-10-04,amm_flashloan,423.10852
2025-10-04,amm_other,3186824.200649
2025-10-05,amm_flashloan,727.024725
2025-10-05,amm_other,2528682.906097
2025-10-06,amm_flashloan,226.578061
2025-10-06,amm_other,1887781.931178
2025-10-07,amm_flashloan,184.337631
2025-10-07,amm_other,1955170.53393
2025-10-08,amm_other,1771001.618932
2025-10-09,amm_other,2060518.519151
2025-10-10,amm_flashloan,663.593174
2025-10-10,amm_other,1468657.829424
2025-10-11,amm_flashloan,3663.066637
2025-10-11,amm_other,1230866.576307
2025-10-12,amm_flashloan,254.263667
2025-10-12,amm_other,1182210.135653
2025-10-13,amm_flashloan,11784.228375
2025-10-13,amm_other,1467314.418573
2025-10-14,amm_flashloan,9734.92768
2025-10-14,amm_other,1430827.094716
2025-10-15,amm_flashloan,16954.788275
2025-10-15,amm_other,1386639.074787
2025-10-16,amm_flashloan,16250.788003
2025-10-16,amm_other,1510985.378519
2025-10-17,amm_flashloan,21893.863987
2025-10-17,amm_other,1512342.783614
2025-10-18,amm_flashloan,26219.201655
2025-10-18,amm_other,1356204.109169
2025-10-19,amm_flashloan,13196.443815
2025-10-19,amm_other,1310090.41538
2025-10-20,amm_flashloan,15436.218427
2025-10-20,amm_other,1397857.59832
2025-10-21,amm_flashloan,13253.804863
2025-10-21,amm_other,1268686.777679
2025-10-22,amm_flashloan,3291.540347
2025-10-22,amm_other,1433082.886765
2025-10-23,amm_flashloan,424.686003
2025-10-23,amm_other,1251131.322821
2025-10-24,amm_other,604864.903454
2025-10-25,amm_flashloan,183.313308
2025-10-25,amm_other,711971.178941
2025-10-26,amm_flashloan,12766.421824000001
2025-10-26,amm_other,1045926.699129
2025-10-27,amm_flashloan,879.06313
2025-10-27,amm_other,1236829.657356
2025-10-28,amm_flashloan,13787.886256
2025-10-28,amm_other,1383422.024276
2025-10-29,amm_flashloan,4681.953195
2025-10-29,amm_other,1281298.756505
2025-10-30,amm_flashloan,8843.126121
2025-10-30,amm_other,1446759.927541
2025-10-31,amm_flashloan,27681.606558
2025-10-31,amm_other,1316744.328411
2025-11-01,amm_flashloan,41864.573647
2025-11-01,amm_other,1153655.776994
2025-11-02,amm_flashloan,54158.817574
2025-11-02,amm_other,1083848.462758
2025-11-03,amm_flashloan,59651.430338
2025-11-03,amm_other,1369407.493387
2025-11-04,amm_flashloan,82315.591497
2025-11-04,amm_other,1066514.58095
2025-11-05,amm_flashloan,51404.926138
2025-11-05,amm_other,1012935.742647
2025-11-06,amm_flashloan,126258.660309
2025-11-06,amm_other,1175396.011608
2025-11-07,amm_flashloan,105621.912703
2025-11-07,amm_other,1110563.96847
2025-11-08,amm_flashloan,39283.19779
2025-11-08,amm_other,1037604.998324
2025-11-09,amm_flashloan,63348.717743
2025-11-09,amm_other,1098114.826447
2025-11-10,amm_flashloan,45516.704126
2025-11-10,amm_other,1066192.27155
2025-11-11,amm_flashloan,29408.646697
2025-11-11,amm_other,1023150.185795
2025-11-12,amm_flashloan,64281.50218
2025-11-12,amm_other,992953.269566
2025-11-13,amm_flashloan,18261.071172
2025-11-13,amm_other,1127304.435918
2025-11-14,amm_flashloan,73168.754206
2025-11-14,amm_other,1127481.336456
2025-11-15,amm_flashloan,40733.2578
2025-11-15,amm_other,690544.743119
2025-11-16,amm_flashloan,16243.072681
2025-11-16,amm_other,831574.107749
2025-11-17,amm_flashloan,32417.941241
2025-11-17,amm_other,936271.9118
2025-11-18,amm_flashloan,72097.940953
2025-11-18,amm_other,928806.366846
2025-11-19,amm_flashloan,40018.586792
2025-11-19,amm_other,1406711.310928
2025-11-20,amm_flashloan,24103.54157
2025-11-20,amm_other,1335579.030862
2025-11-21,amm_flashloan,47161.088074
2025-11-21,amm_other,1075081.836603
2025-11-22,amm_flashloan,19116.683949000002
2025-11-22,amm_other,827902.522383
2025-11-23,amm_flashloan,23221.546409000002
2025-11-23,amm_other,986358.972006
2025-11-24,amm_flashloan,37965.620715
2025-11-24,amm_other,1148410.618058
2025-11-25,amm_flashloan,94973.251402
2025-11-25,amm_other,1347542.98298
2025-11-26,amm_flashloan,71310.98156
2025-11-26,amm_other,795598.341211
2025-11-27,amm_flashloan,49494.721823
2025-11-27,amm_other,695052.12326
2025-11-28,amm_flashloan,26068.777294
2025-11-28,amm_other,530394.24145
2025-11-29,amm_flashloan,15496.786071
2025-11-29,amm_other,89993.273891
2025-11-30,amm_flashloan,11510.10971
2025-11-30,amm_other,89042.865419
2025-12-01,amm_flashloan,30406.602118
2025-12-01,amm_other,270168.141145
2025-12-02,amm_flashloan,16573.43762
2025-12-02,amm_other,574867.912898
2025-12-03,amm_flashloan,59618.534108
2025-12-03,amm_other,350378.223101
2025-12-04,amm_flashloan,45830.114266000004
2025-12-04,amm_other,397130.205903
2025-12-05,amm_flashloan,14271.206747
2025-12-05,amm_other,477648.705133
2025-12-06,amm_flashloan,255.51194299999997
2025-12-06,amm_other,655076.658734
2025-12-07,amm_other,528320.524629
2025-12-08,amm_flashloan,5560.440138
2025-12-08,amm_other,811374.098354
2025-12-09,amm_flashloan,15170.449956
2025-12-09,amm_other,978477.484108
2025-12-10,amm_flashloan,16951.702895
2025-12-10,amm_other,1197359.353063
2025-12-11,amm_flashloan,41683.121270999996
2025-12-11,amm_other,1152960.740482
2025-12-12,amm_flashloan,9526.959793
2025-12-12,amm_other,680705.68606
2025-12-13,amm_other,346266.276184
2025-12-14,amm_other,75137.283585
2025-12-15,amm_flashloan,1310.920744
2025-12-15,amm_other,637647.856572
2025-12-16,amm_flashloan,2813.689772
2025-12-16,amm_other,289104.196819
2025-12-17,amm_flashloan,13843.630287
2025-12-17,amm_other,497992.089501
2025-12-18,amm_flashloan,15379.968809
2025-12-18,amm_other,534546.500771
2025-12-19,amm_flashloan,17703.48676
2025-12-19,amm_other,297990.38504
2025-12-20,amm_flashloan,3815.419776
2025-12-20,amm_other,259116.676321
2025-12-21,amm_flashloan,18512.192251
2025-12-21,amm_other,247148.933556
2025-12-22,amm_flashloan,1704.794284
2025-12-22,amm_other,424288.553218
2025-12-23,amm_flashloan,31539.169548
2025-12-23,amm_other,568408.292104
2025-12-24,amm_flashloan,19846.979426
2025-12-24,amm_other,465934.736399
2025-12-25,amm_flashloan,14749.523352
2025-12-25,amm_other,521700.284795
2025-12-26,amm_flashloan,28689.706836999998
2025-12-26,amm_other,493286.343746
2025-12-27,amm_flashloan,519371.320229
2025-12-27,amm_other,580290.097503
2025-12-28,amm_flashloan,5708314.297156
2025-12-28,amm_other,705369.793768
2025-12-29,amm_flashloan,6041505.253019
2025-12-29,amm_other,610374.211241
2025-12-30,amm_flashloan,170281.806422
2025-12-30,amm_other,853263.237078
2025-12-31,amm_flashloan,2042.168754
2025-12-31,amm_other,650402.229711
2026-01-01,amm_flashloan,2921.51141
2026-01-01,amm_other,561539.092712
2026-01-02,amm_flashloan,33903.271719
2026-01-02,amm_other,767631.693709
2026-01-03,amm_flashloan,3815.056447
2026-01-03,amm_other,494874.258357
2026-01-04,amm_flashloan,2901.217367
2026-01-04,amm_other,476484.654179
2026-01-05,amm_flashloan,4043.7855409999997
2026-01-05,amm_other,573030.748975
2026-01-06,amm_flashloan,584831.764701
2026-01-06,amm_other,685896.075176
2026-01-07,amm_flashloan,423879.271208
2026-01-07,amm_other,857433.790497
2026-01-08,amm_flashloan,369780.066596
2026-01-08,amm_other,811077.628756
2026-01-09,amm_flashloan,592962.592166
2026-01-09,amm_other,711188.263507
2026-01-10,amm_flashloan,725999.723559
2026-01-10,amm_other,626338.028941
2026-01-11,amm_flashloan,696483.241636
2026-01-11,amm_other,540723.032579
2026-01-12,amm_flashloan,522770.876499
2026-01-12,amm_other,698746.304469
2026-01-13,amm_flashloan,14787.547758
2026-01-13,amm_other,556320.845376
2026-01-14,amm_flashloan,10534.706529000001
2026-01-14,amm_other,498926.408146
2026-01-15,amm_flashloan,4117.83875
2026-01-15,amm_other,462184.57522
2026-01-16,amm_flashloan,32474.319666
2026-01-16,amm_other,481905.439563
2026-01-17,amm_flashloan,10893.24794
2026-01-17,amm_other,288376.190215
2026-01-18,amm_flashloan,9180.208388
2026-01-18,amm_other,242465.9461
2026-01-19,amm_flashloan,7257.799917
2026-01-19,amm_other,328390.966928
2026-01-20,amm_flashloan,49712.811999
2026-01-20,amm_other,516294.588301
2026-01-21,amm_flashloan,20003.317663
2026-01-21,amm_other,572586.287129
2026-01-22,amm_flashloan,90118.475128
2026-01-22,amm_other,653837.290952
2026-01-23,amm_flashloan,258240.355733
2026-01-23,amm_other,595214.146958
2026-01-24,amm_flashloan,156954.296597
2026-01-24,amm_other,338384.821566
2026-01-25,amm_flashloan,101426.872922
2026-01-25,amm_other,270591.436382
2026-01-26,amm_flashloan,117894.26844100001
2026-01-26,amm_other,191205.492602
2026-01-27,amm_flashloan,2075.032889
2026-01-27,amm_other,169329.382858
2026-01-28,amm_flashloan,5788.433
2026-01-28,amm_other,205299.205513
2026-01-29,amm_flashloan,106680.203398
2026-01-29,amm_other,158097.14755
2026-01-30,amm_flashloan,158575.042309
2026-01-30,amm_other,194593.942645
2026-01-31,amm_flashloan,132518.367611
2026-01-31,amm_other,174038.345231
2026-02-01,amm_flashloan,210360.285304
2026-02-01,amm_other,188295.94041
2026-02-02,amm_flashloan,42025.924033
2026-02-02,amm_other,249824.970347
2026-02-03,amm_flashloan,40468.032505
2026-02-03,amm_other,42763.854132
2026-02-04,amm_flashloan,29309.446934
2026-02-04,amm_other,30238.981632
2026-02-05,amm_flashloan,12534.077354
2026-02-05,amm_other,38022.523926
2026-02-06,amm_flashloan,28850.395716
2026-02-06,amm_other,36994.568408
2026-02-07,amm_flashloan,5352.581609
2026-02-07,amm_other,29998.579309
2026-02-08,amm_flashloan,12083.163261
2026-02-08,amm_other,18615.509397
2026-02-09,amm_other,33465.356779
2026-02-10,amm_flashloan,4224.317886
2026-02-10,amm_other,29219.3269
2026-02-11,amm_flashloan,11027.558437
2026-02-11,amm_other,28635.053387
2026-02-12,amm_flashloan,2330.052158
2026-02-12,amm_other,31942.378756
2026-02-13,amm_flashloan,4072.0555489999997
2026-02-13,amm_other,32151.378062
2026-02-14,amm_other,39922.627776
2026-02-15,amm_flashloan,1902.1922829999999
2026-02-15,amm_other,25451.997811
2026-02-16,amm_other,33430.060493
2026-02-17,amm_flashloan,3499.123194
2026-02-17,amm_other,50453.131308
2026-02-18,amm_other,43202.480244
2026-02-19,amm_flashloan,263434.639075
2026-02-19,amm_other,32419.562694
2026-02-20,amm_flashloan,12403.599838
2026-02-20,amm_other,39905.462103
2026-02-21,amm_flashloan,4077.533121
2026-02-21,amm_other,21557.757329
2026-02-22,amm_other,71297.29312
2026-02-23,amm_other,62265.566022
2026-02-24,amm_other,31380.663624
2026-02-25,amm_other,31840.52339
2026-02-26,amm_other,29091.661396
2026-02-27,amm_flashloan,263986.40968
2026-02-27,amm_other,34803.730258
2026-02-28,amm_flashloan,30221.872042
2026-02-28,amm_other,25743.997079
2026-03-01,amm_flashloan,67415.685309
2026-03-01,amm_other,21870.25911
2026-03-02,amm_flashloan,6681.3646069999995
2026-03-02,amm_other,28566.224318
2026-03-03,amm_flashloan,22412.749321
2026-03-03,amm_other,37671.065475
2026-03-04,amm_other,46196.119337
2026-03-05,amm_flashloan,143890.230353
2026-03-05,amm_other,42715.135146
2026-03-06,amm_flashloan,5498.087882
2026-03-06,amm_other,40316.667192
2026-03-07,amm_flashloan,245823.017609
2026-03-07,amm_other,23109.634639
2026-03-08,amm_flashloan,128341.103621
2026-03-08,amm_other,18040.940312
2026-03-09,amm_flashloan,624514.525103
2026-03-09,amm_other,31367.133727
2026-03-10,amm_flashloan,791656.172119
2026-03-10,amm_other,43494.799371
2026-03-11,amm_flashloan,738994.8444909999
2026-03-11,amm_other,44480.591575
2026-03-12,amm_flashloan,1171695.517369
2026-03-12,amm_other,59601.376246
2026-03-13,amm_flashloan,2162284.573785
2026-03-13,amm_other,45952.763157
2026-03-14,amm_flashloan,2386643.397584
2026-03-14,amm_other,47996.049016
2026-03-15,amm_flashloan,10210064.676519
2026-03-15,amm_other,58069.914529
2026-03-16,amm_flashloan,157666.342969
2026-03-16,amm_other,57642.872923
2026-03-17,amm_flashloan,3640603.973713
2026-03-17,amm_other,58310.194636
2026-03-18,amm_flashloan,1388108.806533
2026-03-18,amm_other,79635.956184
2026-03-19,amm_flashloan,1694390.172178
2026-03-19,amm_other,89517.026463
2026-03-20,amm_flashloan,3138931.670773
2026-03-20,amm_other,70257.847181
2026-03-21,amm_flashloan,2638113.885373
2026-03-21,amm_other,40960.030978
2026-03-22,amm_flashloan,238060.444709
2026-03-22,amm_other,72091.484023
2026-03-23,amm_flashloan,1569513.5158260001
2026-03-23,amm_other,77005.045665
2026-03-24,amm_flashloan,6389485.195622
2026-03-24,amm_other,80280.869974
2026-03-25,amm_flashloan,20678836.992839
2026-03-25,amm_other,85803.181868
2026-03-26,amm_flashloan,6793595.883594
2026-03-26,amm_other,94452.782508
2026-03-27,amm_flashloan,2891605.068293
2026-03-27,amm_other,66379.525428
2026-03-28,amm_flashloan,2032320.224285
2026-03-28,amm_other,52265.22974
2026-03-29,amm_other,83787.795303
2026-03-30,amm_flashloan,3101134.555719
2026-03-30,amm_other,59507.128444
2026-03-31,amm_flashloan,1471625.944321
2026-03-31,amm_other,78124.156987
2026-04-01,amm_flashloan,5225479.843669
2026-04-01,amm_other,54515.084719
2026-04-02,amm_flashloan,1378702.890475
2026-04-02,amm_other,51545.77874
2026-04-03,amm_flashloan,418180.459215
2026-04-03,amm_other,27595.644927
2026-04-04,amm_flashloan,8578351.929322
2026-04-04,amm_other,50384.243389
2026-04-05,amm_flashloan,23462741.262156
2026-04-05,amm_other,33460.699151
2026-04-06,amm_flashloan,16481478.998793
2026-04-06,amm_other,69899.119868
2026-04-07,amm_flashloan,11342962.857552
2026-04-07,amm_other,65255.726068
2026-04-08,amm_flashloan,44054070.124119
2026-04-08,amm_other,63537.788155
2026-04-09,amm_flashloan,51508015.540804
2026-04-09,amm_other,55820.682722
2026-04-10,amm_flashloan,19095405.56921
2026-04-10,amm_other,44711.890651
2026-04-11,amm_flashloan,44857644.246955
2026-04-11,amm_other,32405.413438
2026-04-12,amm_flashloan,62865694.880593
2026-04-12,amm_other,31103.430983
2026-04-13,amm_flashloan,30560259.764941
2026-04-13,amm_other,47410.103944
2026-04-14,amm_flashloan,57402861.766716
2026-04-14,amm_other,54022.376771
2026-04-15,amm_flashloan,48218968.931742996
2026-04-15,amm_other,54927.213559
2026-04-16,amm_flashloan,126197124.179775
2026-04-16,amm_other,60017.501462
2026-04-17,amm_flashloan,98049632.568426
2026-04-17,amm_other,53080.026234
2026-04-18,amm_flashloan,129539856.290981
2026-04-18,amm_other,36124.418313
2026-04-19,amm_flashloan,105698006.721882
2026-04-19,amm_other,32552.594499
2026-04-20,amm_flashloan,70516196.00402
2026-04-20,amm_other,48723.112091
2026-04-21,amm_flashloan,22830235.56761
2026-04-21,amm_other,61869.946074
2026-04-22,amm_flashloan,35496704.429498
2026-04-22,amm_other,72561.730457
2026-04-23,amm_flashloan,49654561.93372
2026-04-23,amm_other,58222.402032
2026-04-24,amm_flashloan,21835938.679612
2026-04-24,amm_other,63722.949398
2026-04-25,amm_flashloan,65409593.363834
2026-04-25,amm_other,33591.582603
2026-04-26,amm_flashloan,43956528.379608
2026-04-26,amm_other,17345.950987
2026-04-27,amm_flashloan,31101731.251848
2026-04-27,amm_other,55667.61297
2026-04-28,amm_flashloan,42414179.028424
2026-04-28,amm_other,230295.484234
2026-04-29,amm_flashloan,74863280.763448
2026-04-29,amm_other,64374.65962
2026-04-30,amm_flashloan,50967438.242342
2026-04-30,amm_other,50141.805322
2026-05-01,amm_flashloan,38203243.528408
2026-05-01,amm_other,230789.057051
2026-05-02,amm_flashloan,53119576.841893
2026-05-02,amm_other,62163.2119
2026-05-03,amm_flashloan,88052328.514617
2026-05-03,amm_other,33157.758632
2026-05-04,amm_flashloan,155046828.889606
2026-05-04,amm_other,47747.800483
2026-05-05,amm_flashloan,89140284.491846
2026-05-05,amm_other,51226.40159
2026-05-06,amm_flashloan,137717549.829461
2026-05-06,amm_other,44371.729581
2026-05-07,amm_flashloan,47565012.406526
2026-05-07,amm_other,52847.236893
2026-05-08,amm_flashloan,20847560.182349
2026-05-08,amm_other,50029.092064
2026-05-09,amm_flashloan,34867525.822236
2026-05-09,amm_other,36594.695649
2026-05-10,amm_flashloan,73552752.268629
2026-05-10,amm_other,23185.831958
2026-05-11,amm_flashloan,76607257.961077
2026-05-11,amm_other,53222.267382
2026-05-12,amm_flashloan,30695264.565313
2026-05-12,amm_other,62976.505638
2026-05-13,amm_flashloan,76743666.761736
2026-05-13,amm_other,65601.423649
2026-05-14,amm_flashloan,82943887.106129
2026-05-14,amm_other,60690.229869
2026-05-15,amm_flashloan,4345243.421132
2026-05-15,amm_other,129904.18566
2026-05-16,amm_flashloan,24761.043367
2026-05-16,amm_other,89876.691563
2026-05-17,amm_other,78204.979589
2026-05-18,amm_other,211862.656306
2026-05-19,amm_flashloan,72105.778035
2026-05-19,amm_other,84224.032634
2026-05-20,amm_flashloan,65404.848077
2026-05-20,amm_other,61576.922106
2026-05-21,amm_flashloan,19954.608195
2026-05-21,amm_other,61916.438161
2026-05-22,amm_flashloan,114155.172127
2026-05-22,amm_other,39716.63658
2026-05-23,amm_flashloan,308463.13837
2026-05-23,amm_other,749388.870967
2026-05-24,amm_flashloan,153153.477169
2026-05-24,amm_other,90454.200129
2026-05-25,amm_flashloan,478548.55473
2026-05-25,amm_other,39553.522812
2026-05-26,amm_other,60788.104788
2026-05-27,amm_other,58120.443035
2026-05-28,amm_other,58177.97902
2026-05-29,amm_other,50767.402666
2026-05-30,amm_other,26905.388674
2026-05-31,amm_other,22055.187235
2026-06-01,amm_other,59129.396867
2026-06-02,amm_other,63673.941105
2026-06-03,amm_other,58069.307229
2026-06-04,amm_other,56849.152528
2026-06-05,amm_other,47282.411727
2026-06-06,amm_other,30551.893104
2026-06-07,amm_other,22870.972108
2026-06-08,amm_other,61968.018823
2026-06-09,amm_other,56927.508316
2026-06-10,amm_other,73626.794465
2026-06-11,amm_other,324680.245144
2026-06-12,amm_other,66086.690646
2026-06-13,amm_other,35053.062801
2026-06-14,amm_other,54384.545849
2026-06-15,amm_other,97610.555168
2026-06-16,amm_other,88709.834943
2026-06-17,amm_other,78195.864345
2026-06-18,amm_other,83902.995338
2026-06-19,amm_other,64883.521806
2026-06-20,amm_other,61164.207608
2026-06-21,amm_other,82703.953762
2026-06-22,amm_other,97818.029003
2026-06-23,amm_other,104671.936816
2026-06-24,amm_other,84294.756374
2026-06-25,amm_other,73567.909953
2026-06-26,amm_other,85847.52081
2026-06-27,amm_other,73394.696572
2026-06-28,amm_other,96109.28410799999
2026-06-29,amm_other,126917.755343
2026-06-30,amm_other,130670.822855
2026-07-01,amm_other,106399.05889
2026-07-02,amm_other,125688.175656
2026-07-03,amm_other,77508.33735
2026-07-04,amm_other,106617.745703
2026-07-05,amm_other,132014.199556
2026-07-06,amm_other,163805.35433
2026-07-07,amm_other,10476498.296599
2026-07-08,amm_other,2770857.392733
2026-07-09,amm_other,2147016.136366
2026-07-10,amm_other,399117.756452
2026-07-11,amm_other,248226.823783
2026-07-12,amm_other,335915.016465
2026-07-13,amm_other,338135.327624
2026-07-14,amm_other,421336.915362
2026-07-15,amm_other,330365.136076
2026-07-16,amm_other,406594.629269
2026-07-17,amm_other,457227.365678
2026-07-18,amm_other,473096.383961
2026-07-19,amm_other,660657.204095
2026-07-20,amm_other,95102.187833
2026-07-21,amm_other,11719.878657
2026-07-22,amm_other,14286.347599
2026-07-23,amm_other,16028.047638
2026-07-24,amm_other,4900.637646
2026-07-25,amm_other,4745.04325
2026-07-26,amm_other,4362.047188
2026-07-27,amm_other,716.033578
2026-07-28,amm_other,2299.113468
2026-07-29,amm_other,1296.415063
2026-07-30,amm_other,3795.578354
2026-07-31,amm_other,3089.684617
2026-08-01,amm_other,4645.113618
2026-08-02,amm_other,4654.986137
2026-08-03,amm_other,1352.856982
2026-08-04,amm_other,247.189755
2026-08-05,amm_other,2175.1153520000003
2026-08-06,amm_other,1308.826185
2026-08-07,amm_other,1756.818652
2026-08-08,amm_other,2171.896859
2026-08-09,amm_other,2402.242072
2026-08-10,amm_other,170.98273
2026-08-11,amm_other,74.82533600000001
2026-08-12,amm_other,1844.379873
2026-08-13,amm_other,1681.5214389999999
2026-08-14,amm_other,1446.131051
2026-08-15,amm_other,4739.260895
2026-08-16,amm_other,3062.453375
2026-08-17,amm_other,302.672844
2026-08-18,amm_other,264.007413
2026-08-19,amm_other,1298.40599
2026-08-20,amm_other,2375.830036
2026-08-21,amm_other,651.84028
2026-08-22,amm_other,2515.073021
2026-08-23,amm_other,3190.14019
2026-08-24,amm_other,1160.514485
2026-08-25,amm_other,604.524536
2026-08-26,amm_other,613.273593
2026-08-27,amm_other,1699.846122
2026-08-28,amm_other,1040.732659
2026-08-29,amm_other,661.995633
2026-08-30,amm_other,529.201697
2026-08-31,amm_other,1431.338287
2026-09-01,amm_other,1448.472885
2026-09-02,amm_other,955.559658
2026-09-03,amm_other,166.803758
2026-09-04,amm_other,38.069405
2026-09-05,amm_other,17.841753
2026-09-06,amm_other,85.418907
2026-09-07,amm_other,52.894277
2026-09-08,amm_other,216.718783
2026-09-09,amm_other,24.343678
2026-09-10,amm_other,48.895587
2026-09-11,amm_other,305.594335
2026-09-12,amm_other,76.742383
2026-09-13,amm_other,32.723674
2026-09-14,amm_other,169.682286
2026-09-15,amm_other,329.389041
2026-09-16,amm_other,251.49419999999998
2026-09-17,amm_other,272.040398
2026-09-18,amm_other,496.78522399999997
2026-09-19,amm_other,59.487791
2026-09-20,amm_other,279.665565
2026-09-21,amm_other,505.32901
2026-09-22,amm_other,76.387062
2026-09-23,amm_other,276.711685
2026-09-24,amm_other,1437.780281
2026-09-25,amm_other,2451.174688
2026-09-26,amm_other,242.684281
2026-09-27,amm_other,25.589465
