day,group,contracts,fills,usdc
2025-02-07,other,3164.288354,60.0,1449.96073
2025-02-10,other,588.197854,6.0,285.927858
2025-02-11,other,9483.353579,29.0,4051.612846
2025-02-12,other,2927.240667,19.0,1197.547352
2025-02-13,other,3153.5403859999997,21.0,929.527776
2025-02-14,other,4752.6,14.0,1074.37
2025-02-16,other,3809.249991,23.0,1641.729998
2025-02-17,other,3010.473049,45.0,1504.360448
2025-02-18,other,10158.180589,96.0,3867.011371
2025-02-19,other,15215.710474,53.0,5628.504376
2025-02-20,other,21492.053092000002,58.0,4941.906102
2025-02-21,other,17044.589709,66.0,9155.345466
2025-02-22,other,331.923075,6.0,171.32307600000001
2025-02-23,other,9403.307688,17.0,3159.187691
2025-02-24,other,1941.655227,11.0,875.155236
2025-02-25,other,10686.488263,20.0,3092.221617
2025-02-26,other,11653.568502,13.0,7707.979637
2025-02-27,other,13450.581437,30.0,1348.796124
2025-02-28,other,313907.137164,64.0,101405.171886
2025-03-01,other,2107.0,10.0,980.4701
2025-03-02,other,2301.5,5.0,1036.788
2025-03-03,other,814.3333299999999,6.0,580.883333
2025-03-04,other,2124.844409,19.0,801.6644229999999
2025-03-05,other,2964.524949,29.0,1445.981367
2025-03-06,other,3925.521823,37.0,1763.294047
2025-03-07,other,10185.225014,35.0,2266.009392
2025-03-08,other,6654.614618,68.0,2529.141157
2025-03-09,other,5033.786619,63.0,1921.370339
2025-03-10,other,7927.6287170000005,91.0,4084.645237
2025-03-11,other,10842.466121,110.0,5405.349139
2025-03-12,other,21103.43979,160.0,6991.275856
2025-03-13,other,32289.930237,120.0,6719.333433
2025-03-14,other,50212.861487,82.0,38131.779932
2025-03-15,other,5698.346116,35.0,2522.282441
2025-03-16,other,17077.429861,94.0,6128.035417
2025-03-17,other,14189.094976,89.0,5761.928334
2025-03-18,other,23026.304215,121.0,7132.752957
2025-03-19,other,24342.665297,69.0,10814.857847
2025-03-20,other,15941.008025,83.0,7153.664394
2025-03-21,other,4573.487531,35.0,1209.570277
2025-03-22,other,6252.51251,38.0,3131.31339
2025-03-23,other,4709.020607,51.0,2168.921884
2025-03-24,other,10688.977381,62.0,3866.718641
2025-03-25,other,6550.762774,52.0,2869.405886
2025-03-26,other,19096.330118,144.0,10752.201375
2025-03-27,other,20056.384482999998,101.0,11019.341948
2025-03-28,other,16935.18425,57.0,7110.703413
2025-03-29,other,6349.0,24.0,1699.89
2025-03-30,other,10525.884275,26.0,5961.242775
2025-03-31,other,36295.748281,67.0,15867.365013
2025-04-01,other,14955.528986,107.0,6020.842425
2025-04-02,other,23240.124559,114.0,10667.458153
2025-04-03,other,69016.026574,111.0,38412.531729
2025-04-04,other,33031.557006999996,108.0,19172.348701
2025-04-05,other,22645.27955,46.0,9189.250017
2025-04-06,other,14942.927699,37.0,3882.436824
2025-04-07,other,45441.77921,136.0,20443.798618
2025-04-08,other,39729.433712,161.0,14334.741065
2025-04-09,other,57305.542271,181.0,25395.690126
2025-04-10,other,42179.919299,171.0,25510.873784
2025-04-11,other,49248.492478,112.0,24681.945092
2025-04-12,other,17102.115822,47.0,5899.981138
2025-04-13,other,16206.625984,37.0,7465.045828
2025-04-14,other,5626.791327,36.0,3287.2653530000002
2025-04-15,other,7770.158391,44.0,2769.53951
2025-04-16,other,19930.112714,87.0,6303.152621
2025-04-17,other,16020.583725999999,63.0,6718.731519
2025-04-18,other,19666.573634,67.0,12312.314417
2025-04-19,other,56330.910212,39.0,11245.12012
2025-04-20,other,11815.960563,20.0,4751.06913
2025-04-21,other,25998.363969,58.0,18224.742249
2025-04-22,other,47998.486639,116.0,30639.993320999998
2025-04-23,other,30328.807882,100.0,15941.797241
2025-04-24,other,23063.022191,74.0,14024.295748
2025-04-25,other,18963.862465,73.0,11499.931291
2025-04-26,other,9909.306242999999,33.0,3334.613319
2025-04-27,other,14785.450877,48.0,8110.692398
2025-04-28,other,10293.533709,44.0,6443.005567
2025-04-29,other,26969.099459,96.0,18192.363211
2025-04-30,other,63160.296012,142.0,46694.541252
2025-05-01,other,31645.693819,170.0,13492.301447
2025-05-02,other,23105.311918,94.0,14704.546943
2025-05-03,other,15407.989999,59.0,7686.207761
2025-05-04,other,20178.311677,44.0,12361.044215
2025-05-05,other,9017.611628999999,60.0,4831.947611
2025-05-06,other,19178.098527000002,99.0,8201.342923
2025-05-07,other,26383.674161,84.0,20857.997383
2025-05-08,other,15933.115214,81.0,5235.803447
2025-05-09,other,6223.693887,68.0,3373.669209
2025-05-10,other,10204.551008,34.0,3758.724948
2025-05-11,other,6984.267008,32.0,4848.241709
2025-05-12,other,28398.533829,117.0,13117.878958
2025-05-13,other,9469.330311,76.0,6224.327748
2025-05-14,other,8997.432515,25.0,5829.777487
2025-05-15,other,6489.391909,64.0,3000.9837509999998
2025-05-16,other,22692.448991,159.0,11092.459219
2025-05-17,other,10229.392175,32.0,4177.313177
2025-05-18,other,11852.092539000001,55.0,4308.65074
2025-05-19,other,16032.534753,177.0,5562.364833
2025-05-20,other,38708.636106,316.0,16555.66619
2025-05-21,other,26026.946758,142.0,19063.984367
2025-05-22,other,11935.722851,82.0,4957.7476
2025-05-23,other,24567.735925,92.0,9764.047038
2025-05-24,other,17322.122051,59.0,7823.128253999999
2025-05-25,other,13366.079294,46.0,7238.945293
2025-05-26,other,33151.14072,94.0,16809.006351
2025-05-27,other,24993.308601,166.0,9282.86117
2025-05-28,other,32340.400155,109.0,13296.116546
2025-05-29,other,43435.660194,167.0,14785.36285
2025-05-30,other,35658.484454,211.0,14453.09827
2025-05-31,other,29768.577387,130.0,17122.749803
2025-06-01,other,20154.656295,115.0,8545.078835
2025-06-02,other,108714.965453,149.0,23042.53201
2025-06-03,other,23767.926792,88.0,12375.862992
2025-06-04,other,14402.111569,86.0,6775.646896
2025-06-05,other,27616.840464,118.0,10839.788653
2025-06-06,other,22113.569723,137.0,7946.29239
2025-06-07,other,16786.545107,110.0,7026.583335
2025-06-08,other,13518.966433,84.0,9372.067613
2025-06-09,other,25015.04707,235.0,10671.442537
2025-06-10,other,25204.577522,107.0,17231.854465
2025-06-11,other,43759.37007,168.0,24973.099353
2025-06-12,other,26450.538526,157.0,15231.030411
2025-06-13,other,36362.700684,167.0,19112.498719
2025-06-14,other,16518.853265,72.0,10273.108043
2025-06-15,other,31848.523201,92.0,6413.378316
2025-06-16,other,39191.161661,132.0,12086.649206
2025-06-17,other,49064.112284999996,153.0,26506.330783
2025-06-18,other,29543.489381,137.0,22273.193925
2025-06-19,other,11552.035639,84.0,4484.816843
2025-06-20,other,44144.568622,177.0,29877.87804
2025-06-21,other,17878.739104,104.0,9132.785931
2025-06-22,other,24728.63319,102.0,13899.791451
2025-06-23,other,14761.062966,112.0,8982.783968
2025-06-24,other,22664.872596,105.0,9860.275884
2025-06-25,other,24388.185393,100.0,7398.376858
2025-06-26,other,33840.497636,136.0,14710.95834
2025-06-27,other,28032.620382,194.0,12931.050661
2025-06-28,other,20196.84008,113.0,13564.362793
2025-06-29,other,69613.924414,107.0,40792.201178
2025-06-30,other,35414.543851,143.0,24496.0078
2025-07-01,other,61700.925111,354.0,20404.851645
2025-07-02,other,78275.161572,271.0,32694.292194
2025-07-03,other,82037.108882,273.0,31791.833275
2025-07-04,other,22481.74751,112.0,8176.539477
2025-07-05,other,10140.675056,59.0,2603.802965
2025-07-06,other,21237.488285,125.0,6144.819719
2025-07-07,other,36281.075214,266.0,17024.671558000002
2025-07-08,other,20829.033218,275.0,8924.736235
2025-07-09,other,120586.978983,405.0,46528.731661
2025-07-10,other,39739.345292,349.0,14263.135271
2025-07-11,other,31995.328077,260.0,11327.185018
2025-07-12,other,11851.759694,93.0,4586.3124339999995
2025-07-13,other,19691.96241,164.0,10255.732227
2025-07-14,other,19731.562972,289.0,8740.495052
2025-07-15,other,51744.202485,373.0,32952.712963
2025-07-16,other,51706.200033,415.0,26634.616199
2025-07-17,other,38587.257973,416.0,19148.320682999998
2025-07-18,other,53323.194736,759.0,19991.175714
2025-07-19,other,25887.912638,463.0,12592.14618
2025-07-20,other,36200.534697,717.0,16133.791409
2025-07-21,other,33779.075378,478.0,15201.967431000001
2025-07-22,other,59101.10925,632.0,22224.048468
2025-07-23,other,51682.801555,825.0,21578.733389
2025-07-24,other,78988.132289,805.0,31971.253469
2025-07-25,other,109855.179651,1109.0,33694.247778
2025-07-26,other,27818.197816,302.0,10685.985759000001
2025-07-27,other,47516.611974,631.0,25139.716364
2025-07-28,other,63322.202746,903.0,27754.285742
2025-07-29,other,40541.988273,654.0,19503.455175
2025-07-30,other,121928.377439,968.0,43664.892732
2025-07-31,other,57783.042505,1052.0,28242.675533
2025-08-01,other,80717.093551,1078.0,37781.248525
2025-08-02,other,40108.251532,602.0,12681.063881
2025-08-03,other,30339.009279,659.0,10771.80625
2025-08-04,other,77969.317271,1256.0,32391.86191
2025-08-05,other,62416.222119,874.0,30213.788151
2025-08-06,other,51604.922721,787.0,24184.73684
2025-08-07,other,48497.498672,720.0,19998.260126
2025-08-08,other,93827.450962,898.0,28984.419306
2025-08-09,other,32200.317074,1384.0,14539.089587
2025-08-10,other,35529.245139,734.0,16292.618607
2025-08-11,other,65669.83611,1043.0,24592.690818
2025-08-12,other,87132.945102,1170.0,41231.566842
2025-08-13,other,50919.101058,1018.0,18822.203231
2025-08-14,other,71273.379712,1158.0,32852.616791
2025-08-15,other,49337.861108,697.0,24277.062853
2025-08-16,other,25491.09106,394.0,10597.192838
2025-08-17,other,35449.051436,446.0,12989.056877
2025-08-18,other,86563.259258,1075.0,29099.053049000002
2025-08-19,other,50544.749422,696.0,19967.231513
2025-08-20,other,65579.673951,877.0,25384.476396000002
2025-08-21,other,52377.684069,693.0,20802.570663
2025-08-22,other,110083.904646,1142.0,47459.128808
2025-08-23,other,32430.826147,530.0,13022.191778
2025-08-24,other,153435.394006,1233.0,30045.742636
2025-08-25,other,173272.44145,1238.0,63704.690521
2025-08-26,other,92659.709171,926.0,42870.831669
2025-08-27,other,99508.67342,922.0,49619.21173
2025-08-28,other,112507.007146,1265.0,54935.308751
2025-08-29,other,171862.996927,1305.0,89395.781221
2025-08-30,other,181855.229222,958.0,94630.398452
2025-08-31,other,150530.281088,646.0,100206.48663
2025-09-01,other,57327.058964,770.0,21845.143375
2025-09-02,other,125231.613266,1264.0,57069.274388
2025-09-03,other,99535.366361,1460.0,40874.098486
2025-09-04,other,101895.672128,1202.0,45310.191833
2025-09-05,other,167924.695217,1394.0,75881.237285
2025-09-06,other,78760.685647,768.0,41377.140949
2025-09-07,other,94018.354298,837.0,47387.718371
2025-09-08,other,240115.33279000001,3417.0,96466.333783
2025-09-09,other,439206.135433,3948.0,227502.606725
2025-09-10,other,401226.2595,4660.0,194375.609775
2025-09-11,other,442802.179744,5206.0,104016.040767
2025-09-12,other,747859.042062,4898.0,350182.129701
2025-09-13,other,708631.502755,3338.0,517223.789654
2025-09-14,other,466804.62627,3895.0,147449.496014
2025-09-15,AE2J_edge,8187.613507,121.0,680.794619
2025-09-15,AE2J_inside,45691.438774,336.0,664.000999
2025-09-15,other,704184.206788,5570.0,223084.867428
2025-09-16,AE2J_edge,64445.975765,282.0,3840.010284
2025-09-16,AE2J_inside,423614.380023,2634.0,3528.416627
2025-09-16,other,579251.269928,6165.0,180454.465049
2025-09-17,AE2J_edge,141277.089289,696.0,4091.258949
2025-09-17,AE2J_inside,813183.069917,7234.0,8528.507769
2025-09-17,other,1233481.917622,9593.0,272443.116314
2025-09-18,AE2J_edge,280019.923933,4869.0,4312.483415
2025-09-18,AE2J_inside,457561.427498,6497.0,6843.238471
2025-09-18,other,1936976.481847,14404.0,884796.908547
2025-09-19,AE2J_edge,1057822.862523,1384.0,1952.634162
2025-09-19,AE2J_inside,364.0,50.0,1.737
2025-09-19,other,4266924.834091,14369.0,2246650.868181
2025-09-20,AE2J_edge,1810890.3785,1961.0,2067.308744
2025-09-20,other,8614108.695161,21382.0,4768882.207233
2025-09-21,AE2J_edge,1208093.524983,6168.0,2667.071944
2025-09-21,AE2J_inside,46994.688149,2765.0,253.397965
2025-09-21,other,10077135.159891,85121.0,4407669.528648
2025-09-22,AE2J_edge,27687.110532,4903.0,3103.95677
2025-09-22,AE2J_inside,271035.727733,7751.0,1538.717208
2025-09-22,other,9521924.121225,49164.0,564840.235935
2025-09-23,AE2J_edge,715875.241,232.0,718.194241
2025-09-23,other,3286075.857909,8185.0,166616.579082
2025-09-24,AE2J_edge,2064883.99,510.0,2064.88399
2025-09-24,other,3516941.119319,11221.0,351702.143325
2025-09-25,AE2J_edge,73759.058,121.0,73.759058
2025-09-25,other,1100422.45161,7583.0,216175.661822
2025-09-26,AE2J_edge,433604.057,293.0,433.604057
2025-09-26,other,1038211.58852,7263.0,351866.631233
2025-09-27,AE2J_edge,1476.535,10.0,1.476535
2025-09-27,other,626041.445034,7688.0,283912.836227
2025-09-28,AE2J_edge,5185.652,20.0,5.185652
2025-09-28,other,1391672.110019,9645.0,634009.425456
2025-09-29,other,1264665.841255,10067.0,543927.333922
2025-09-30,AE2J_edge,3704.8,10.0,3.7048
2025-09-30,other,1259605.906452,9833.0,422403.029444
2025-10-01,AE2J_edge,128.128,5.0,0.128128
2025-10-01,other,2178564.189255,10522.0,1582647.011123
2025-10-02,AE2J_edge,6047.5641,60.0,17.84207
2025-10-02,other,3849517.818538,15492.0,3092539.625818
2025-10-03,AE2J_edge,24308.917000999998,57.0,37.826213
2025-10-03,other,3412576.942718,15300.0,2325945.619851
2025-10-04,AE2J_edge,17434.93,45.0,17.43493
2025-10-04,other,2905698.017069,14803.0,1392741.04854
2025-10-05,AE2J_edge,154203.538133,625.0,4013.959626
2025-10-05,other,2740223.960414,14939.0,1564607.093305
2025-10-06,AE2J_edge,36679.942619,142.0,708.777969
2025-10-06,other,4877304.774538,11977.0,4417285.651059
2025-10-07,AE2J_edge,5663.373,22.0,9.619793
2025-10-07,other,978734.19895,10532.0,470334.486375
2025-10-08,AE2J_edge,84453.878,181.0,506.36071400000003
2025-10-08,other,6966076.466839,22868.0,6231766.275255
2025-10-09,AE2J_edge,15536.419999999998,48.0,27.447200000000002
2025-10-09,other,6796059.675501999,30846.0,6052737.030053
2025-10-10,AE2J_edge,5922.0768,28.0,9.034051
2025-10-10,other,5313786.924869,18155.0,4933834.888654
2025-10-11,AE2J_edge,93975.045,367.0,117.449015
2025-10-11,other,6366394.458552,14271.0,5736064.860105
2025-10-12,AE2J_edge,5695.1900000000005,40.0,1927.53007
2025-10-12,other,4511774.480851,19314.0,4199644.526424
2025-10-13,AE2J_edge,69921.952,45.0,221.43084199999998
2025-10-13,other,10835059.283357,9409.0,10381035.526855
2025-10-14,AE2J_edge,4.97,1.0,4.5724
2025-10-14,other,823992.304312,10122.0,341868.561613
2025-10-15,AE2J_edge,36.417,1.0,0.036417
2025-10-15,other,822428.088906,10269.0,347971.67372
2025-10-16,other,615012.658594,9031.0,243104.791473
2025-10-17,AE2J_edge,8.0,1.0,6.392
2025-10-17,other,639654.343943,8257.0,310346.676456
2025-10-18,AE2J_edge,105.485,9.0,0.10548500000000001
2025-10-18,other,547886.2844990001,8894.0,299639.356557
2025-10-19,AE2J_edge,1.001,1.0,0.001001
2025-10-19,other,525711.03813,13078.0,205392.895284
2025-10-20,AE2J_edge,102.10199999999999,2.0,0.102102
2025-10-20,other,557478.196906,10589.0,229204.992781
2025-10-21,AE2J_edge,4.004,4.0,0.004004
2025-10-21,other,889078.147798,9538.0,273026.526597
2025-10-22,other,783415.343076,11950.0,296156.513204
2025-10-23,AE2J_edge,6.31,1.0,1.262
2025-10-23,other,514148.123783,9310.0,190999.899909
2025-10-24,AE2J_edge,89.99,1.0,0.08999
2025-10-24,other,510438.123516,8084.0,211148.120604
2025-10-25,AE2J_edge,136.161,7.0,0.136161
2025-10-25,other,839905.996645,9366.0,221519.607122
2025-10-26,AE2J_edge,1477.255,13.0,1.477255
2025-10-26,other,1017080.331507,11089.0,366081.095483
2025-10-27,AE2J_edge,11910.350988,39.0,163.62057
2025-10-27,other,1654890.814086,10677.0,726949.673653
2025-10-28,AE2J_edge,60544.015994,203.0,62.086011
2025-10-28,other,1090163.830216,10025.0,351950.60638
2025-10-29,other,1079225.168591,9609.0,238738.059775
2025-10-30,other,853128.719281,7803.0,198074.999923
2025-10-31,AE2J_edge,772124.0935,871.0,1366.782674
2025-10-31,AE2J_inside,2398.0,2.0,2.398
2025-10-31,other,1233817.785113,8846.0,348332.231835
2025-11-01,AE2J_edge,527689.1365,722.0,4034.8831720000003
2025-11-01,other,1064263.716772,6712.0,610811.182224
2025-11-02,AE2J_edge,1016300.738341,1283.0,21266.927289000003
2025-11-02,other,753552.446188,6135.0,272181.706876
2025-11-03,AE2J_edge,1178706.876947,930.0,6656.651921000001
2025-11-03,other,966988.033493,8671.0,692008.788806
2025-11-04,AE2J_edge,45532.321874,114.0,63.523113
2025-11-04,other,470369.780695,9503.0,179406.18679
2025-11-05,AE2J_edge,12259.588,17.0,17.984588
2025-11-05,other,573294.918485,10661.0,343747.001668
2025-11-06,AE2J_edge,15430.651,17.0,72.54857100000001
2025-11-06,other,787078.844385,14624.0,507031.243167
2025-11-07,AE2J_edge,187.8,10.0,85.265
2025-11-07,AE2J_inside,25844.6,1305.0,17796.373199999998
2025-11-07,other,1759378.99014,15355.0,1415041.181881
2025-11-08,AE2J_edge,2024.1459810000001,138.0,1174.307018
2025-11-08,AE2J_inside,114335.702041,5771.0,74013.704056
2025-11-08,other,1434730.780198,16873.0,932652.197158
2025-11-09,AE2J_edge,3010.910888,197.0,1893.277915
2025-11-09,AE2J_inside,228495.277,12781.0,157573.484676
2025-11-09,other,1258137.082831,13103.0,261463.415304
2025-11-10,AE2J_edge,3682.669426,251.0,2025.285043
2025-11-10,AE2J_inside,87328.1414,4983.0,63288.837308
2025-11-10,other,626402.103582,13543.0,245986.510503
2025-11-11,AE2J_edge,6561.978657,424.0,3921.235506
2025-11-11,AE2J_inside,109165.331,6286.0,78953.530297
2025-11-11,other,829796.94252,14236.0,248897.101378
2025-11-12,AE2J_edge,4190.698285,268.0,2331.604114
2025-11-12,AE2J_inside,100536.942,5748.0,75150.283244
2025-11-12,other,884670.502169,12338.0,288259.48686
2025-11-13,AE2J_edge,2444.903222,191.0,1318.970384
2025-11-13,AE2J_inside,94581.673798,5383.0,73080.091448
2025-11-13,other,643002.78549,14606.0,346789.366672
2025-11-14,AE2J_edge,2435.247683,202.0,1395.2229810000001
2025-11-14,AE2J_inside,84570.488993,4837.0,59631.493558
2025-11-14,other,867861.201642,17431.0,454561.383701
2025-11-15,AE2J_edge,1604.696844,118.0,822.656127
2025-11-15,AE2J_inside,113552.658364,6483.0,84248.738155
2025-11-15,other,1365070.198832,21727.0,498952.348041
2025-11-16,AE2J_edge,1621.093635,120.0,896.319719
2025-11-16,AE2J_inside,80118.613,4574.0,54147.206359
2025-11-16,other,1306980.733214,22287.0,289140.0161
2025-11-17,AE2J_edge,1750.28828,142.0,1033.42352
2025-11-17,AE2J_inside,63898.673,3655.0,47802.937984
2025-11-17,other,1118388.133397,22206.0,405680.61337700003
2025-11-18,AE2J_edge,2197.639096,156.0,1249.381326
2025-11-18,AE2J_inside,51353.593,2942.0,37530.544526
2025-11-18,other,775236.577743,12820.0,406960.418602
2025-11-19,AE2J_edge,3031.316317,209.0,1688.7770689999998
2025-11-19,AE2J_inside,41377.104,2375.0,29525.458283
2025-11-19,other,880534.406006,16179.0,477671.994631
2025-11-20,AE2J_edge,1557.972368,100.0,852.941642
2025-11-20,AE2J_inside,42241.038,2433.0,31534.233065
2025-11-20,other,2025467.918559,29371.0,808228.131364
2025-11-21,AE2J_edge,4504.461275,301.0,2676.031262
2025-11-21,AE2J_inside,44111.671,2532.0,30169.26723
2025-11-21,other,1370201.401031,25257.0,391662.11563200003
2025-11-22,AE2J_edge,4278.565448,325.0,2212.369498
2025-11-22,AE2J_inside,21263.993,1215.0,14422.805427
2025-11-22,other,2591078.760884,37051.0,1454402.894729
2025-11-23,AE2J_edge,4277.407328,333.0,2149.846259
2025-11-23,AE2J_inside,32426.25085,1855.0,22528.688854
2025-11-23,other,2592818.946553,30760.0,1437285.335288
2025-11-24,AE2J_edge,1738.802208,131.0,926.320018
2025-11-24,AE2J_inside,6481.942,372.0,4439.586745
2025-11-24,other,1229966.8374049999,21075.0,631659.236007
2025-11-25,other,1300185.934607,20759.0,644472.970314
2025-11-26,other,2739292.693377,35492.0,1189293.600635
2025-11-27,other,2984646.85585,44455.0,656892.076997
2025-11-28,AE2J_edge,3950.395373,57.0,2464.094468
2025-11-28,AE2J_inside,333700.416,2972.0,235386.049568
2025-11-28,other,2324215.865144,33764.0,650380.263874
2025-11-29,AE2J_edge,207485.559019,2955.0,111627.945287
2025-11-29,AE2J_inside,8260809.282768,56875.0,5589300.852433
2025-11-29,other,2042507.438658,32846.0,834445.617961
2025-11-30,AE2J_edge,592798.99233,8448.0,312637.082222
2025-11-30,AE2J_inside,17377370.98413,90971.0,11660562.060705
2025-11-30,other,2665142.266106,31731.0,687431.013508
2025-12-01,AE2J_edge,117.107,3.0,57.656334
2025-12-01,AE2J_inside,39.0,1.0,34.554
2025-12-01,other,1922601.949233,28352.0,630372.737146
2025-12-02,other,2695439.365522,37064.0,729606.5545930001
2025-12-03,other,2569711.486893,44977.0,783564.766232
2025-12-04,other,2814515.057892,55814.0,870462.640121
2025-12-05,other,4617208.753678,63758.0,2488768.336944
2025-12-06,other,3549662.044669,67181.0,1445444.511923
2025-12-07,other,3048724.739906,38250.0,1214736.297319
2025-12-08,other,3563631.91008,42259.0,2008201.519354
2025-12-09,other,4424193.642103,33624.0,2913219.443028
2025-12-10,other,6031449.570806,52353.0,3487495.51814
2025-12-11,other,4551726.594356,58606.0,2337185.8187
2025-12-12,other,5158620.804528,58285.0,2818657.339392
2025-12-13,other,5616041.619263,53144.0,3399321.81671
2025-12-14,other,3645348.011715,35059.0,2046264.598849
2025-12-15,other,3701362.198859,32159.0,2370759.064812
2025-12-16,other,1417598.842543,13877.0,723526.394941
2025-12-17,other,623979.073463,10691.0,226668.905583
2025-12-18,AE2J_edge,12289.856673,461.0,6538.477744
2025-12-18,AE2J_inside,393693.203,11244.0,298004.650309
2025-12-18,other,734773.657108,10825.0,225013.590402
2025-12-19,AE2J_edge,6784.466984,275.0,3526.12368
2025-12-19,AE2J_inside,383200.704,11173.0,274098.147884
2025-12-19,other,574401.224435,11520.0,182822.675863
2025-12-20,AE2J_edge,1911.336297,80.0,1067.239069
2025-12-20,AE2J_inside,121022.413,3815.0,86350.210567
2025-12-20,other,770049.663934,17671.0,189950.655665
2025-12-21,other,725570.433698,9849.0,155608.566614
2025-12-22,other,645723.008205,11254.0,231304.774933
2025-12-23,other,677037.797774,10599.0,237503.785654
2025-12-24,AE2J_edge,5399.348843,71.0,2795.097996
2025-12-24,AE2J_inside,573323.962,4060.0,396944.366324
2025-12-24,other,644707.0807,8766.0,270400.866029
2025-12-25,AE2J_edge,35934.361248,529.0,18100.609435
2025-12-25,AE2J_inside,5843274.144886,40259.0,3942069.810609
2025-12-25,other,531806.15856,7442.0,271495.527486
2025-12-26,AE2J_edge,19558.186664,305.0,10217.679065
2025-12-26,AE2J_inside,4953408.327324,34021.0,3435544.343394
2025-12-26,other,548823.358419,9277.0,296106.131771
2025-12-27,AE2J_edge,42462.174794,670.0,21647.768531
2025-12-27,AE2J_inside,6873896.081,46603.0,4786869.475271
2025-12-27,other,466894.98599,6573.0,239869.171011
2025-12-28,AE2J_edge,51530.133709,847.0,24921.139391
2025-12-28,AE2J_inside,6625510.218439,44212.0,4393948.87298
2025-12-28,other,409283.825791,6783.0,194204.768117
2025-12-29,AE2J_edge,53090.325301,892.0,26656.631954
2025-12-29,AE2J_inside,4054131.634116,27521.0,2818307.93783
2025-12-29,other,421100.38578,7567.0,218061.917623
2025-12-30,other,599099.574091,6574.0,331636.789044
2025-12-31,other,827897.26488,7954.0,417463.000013
2026-01-01,other,689706.912181,7313.0,429238.762991
2026-01-02,other,786065.64718,7875.0,506639.830131
2026-01-03,other,696766.183713,7676.0,410222.725327
2026-01-04,other,802220.037098,7963.0,487008.801526
2026-01-05,other,753460.496096,7083.0,489651.929308
2026-01-06,other,1127960.923074,7493.0,743100.311311
2026-01-07,AE2J_inside,6236.993,61.0,4494.92341
2026-01-07,other,1065495.791835,8224.0,739377.820675
2026-01-08,AE2J_edge,669.513,9.0,367.067641
2026-01-08,AE2J_inside,131624.926,1363.0,95582.040015
2026-01-08,other,886363.192822,6384.0,644422.070205
2026-01-09,AE2J_edge,1008.941659,23.0,466.471018
2026-01-09,AE2J_inside,67514.719,706.0,48786.5537
2026-01-09,other,923342.089591,5908.0,699243.805364
2026-01-10,AE2J_inside,6475.356,65.0,4547.863038
2026-01-10,other,921049.680869,6514.0,664437.096488
2026-01-11,other,1111422.716188,7889.0,834543.818153
2026-01-12,AE2J_edge,782.7280000000001,12.0,434.660536
2026-01-12,AE2J_inside,87956.042,904.0,61802.19394
2026-01-12,other,1196940.48226,8446.0,913287.679042
2026-01-13,AE2J_edge,2177.320971,33.0,1034.23649
2026-01-13,AE2J_inside,264408.195,2716.0,183746.113613
2026-01-13,other,1120599.974529,6914.0,718389.292765
2026-01-14,AE2J_edge,164.587,2.0,78.317551
2026-01-14,AE2J_inside,312760.524,3197.0,255350.875048
2026-01-14,other,807308.934253,5822.0,581722.217348
2026-01-15,AE2J_edge,3785.525952,56.0,1824.20702
2026-01-15,AE2J_inside,1179653.071,7834.0,961712.466803
2026-01-15,other,834241.138019,5446.0,617814.135732
2026-01-16,AE2J_edge,7277.989195,150.0,3212.17938
2026-01-16,AE2J_inside,3533995.0130000003,14418.0,2858002.210161
2026-01-16,other,539587.429738,6178.0,400015.522547
2026-01-17,AE2J_edge,3985.456882,89.0,1710.449392
2026-01-17,AE2J_inside,3358675.384842,13143.0,2671005.021904
2026-01-17,other,701797.826284,5417.0,526829.874565
2026-01-18,AE2J_edge,7757.606132,114.0,3697.824985
2026-01-18,AE2J_inside,3495234.1052,12798.0,2775361.459913
2026-01-18,other,485784.178724,4766.0,342846.636442
2026-01-19,AE2J_edge,8677.900765,161.0,3805.40449
2026-01-19,AE2J_inside,4036118.047,14045.0,3257229.883963
2026-01-19,other,578476.930155,5322.0,415805.857136
2026-01-20,AE2J_edge,8112.502074,135.0,4218.382066
2026-01-20,AE2J_inside,3312680.835,13057.0,2614750.538143
2026-01-20,other,693688.616779,5630.0,517844.506699
2026-01-21,AE2J_edge,10949.864302,228.0,5072.596048
2026-01-21,AE2J_inside,1265545.844,7204.0,1004923.381379
2026-01-21,other,781893.880533,5235.0,599310.010225
2026-01-22,AE2J_edge,6469.481586,73.0,3275.938807
2026-01-22,AE2J_inside,2412932.859,14050.0,1975814.843748
2026-01-22,other,732865.168075,5495.0,555678.846317
2026-01-23,AE2J_edge,13771.038899,157.0,7221.528689
2026-01-23,AE2J_inside,6152513.634,35733.0,5013598.745386
2026-01-23,other,789739.244508,5115.0,617013.833468
2026-01-24,AE2J_edge,17915.332424,254.0,9699.784428
2026-01-24,AE2J_inside,8455761.188199,30903.0,6769998.566634
2026-01-24,other,722539.643681,5495.0,520482.942583
2026-01-25,AE2J_edge,17887.328498,194.0,12092.181145
2026-01-25,AE2J_inside,25440537.603256,43721.0,20845236.926446
2026-01-25,other,705719.802584,5700.0,548446.444413
2026-01-26,AE2J_edge,28011.814555,295.0,18591.425927
2026-01-26,AE2J_inside,22454927.959,38074.0,18228023.43646
2026-01-26,other,357420.400567,7932.0,253752.505772
2026-01-27,AE2J_edge,21457.778225000002,318.0,12905.907285
2026-01-27,AE2J_inside,21127566.359799,35674.0,17183673.019336
2026-01-27,other,201724.760199,15457.0,88376.523603
2026-01-28,AE2J_edge,27420.97227,331.0,15187.019651999999
2026-01-28,AE2J_inside,22667337.519,38353.0,18526990.451306
2026-01-28,other,159203.985322,12820.0,78441.847312
2026-01-29,AE2J_edge,17706.293706,103.0,13737.561344
2026-01-29,AE2J_inside,18869788.481,31577.0,15597678.649853
2026-01-29,other,146023.25057,10286.0,73872.598792
2026-01-30,AE2J_edge,20115.63061,165.0,14128.167972
2026-01-30,AE2J_inside,13633741.881,23152.0,11124859.298365
2026-01-30,other,189918.068081,11431.0,99232.359162
2026-01-31,AE2J_edge,1028.901,76.0,390.97031000000004
2026-01-31,AE2J_inside,788232.24,1389.0,640253.017765
2026-01-31,other,154588.071057,9076.0,89794.638704
2026-02-01,AE2J_edge,14265.344668,73.0,10251.480808
2026-02-01,AE2J_inside,2624556.11,4445.0,2131955.668148
2026-02-01,other,173239.011135,4394.0,101829.498617
2026-02-02,AE2J_edge,17252.924668,151.0,10098.786253
2026-02-02,AE2J_inside,9185724.995,15768.0,7529315.920148
2026-02-02,other,173301.777102,3757.0,87849.986234
2026-02-03,AE2J_edge,12360.850969,72.0,8290.427061
2026-02-03,AE2J_inside,8824938.899,15232.0,7242594.542973001
2026-02-03,other,190436.676948,6543.0,108798.97634
2026-02-04,AE2J_edge,8370.26706,23.0,6992.174359
2026-02-04,AE2J_inside,9705203.576,16828.0,7906669.367558
2026-02-04,other,210689.173686,5172.0,115560.162302
2026-02-05,AE2J_edge,13238.531821,131.0,8814.025687
2026-02-05,AE2J_inside,11251014.19,19020.0,9310331.441622
2026-02-05,other,220249.320375,7257.0,109359.12926
2026-02-06,AE2J_edge,8342.225959,78.0,4650.466701
2026-02-06,AE2J_inside,9885124.844,16288.0,8020594.839075
2026-02-06,other,245107.820168,6522.0,132270.06072
2026-02-07,AE2J_edge,19160.996817,121.0,12425.137518
2026-02-07,AE2J_inside,9806236.093699,16196.0,7895920.2379
2026-02-07,other,227687.560548,3917.0,118300.05068
2026-02-08,AE2J_edge,16152.280826,177.0,8168.840561
2026-02-08,AE2J_inside,8256847.827,13849.0,6533543.995329
2026-02-08,other,424758.614415,6532.0,239476.974693
2026-02-09,AE2J_edge,20859.228215,401.0,10578.531617
2026-02-09,AE2J_inside,8663726.367199,14741.0,6956711.859112
2026-02-09,other,390862.494604,11112.0,211612.931508
2026-02-10,AE2J_edge,21608.315488,219.0,12778.088432
2026-02-10,AE2J_inside,10085278.077,17352.0,8170531.38029
2026-02-10,other,278015.004486,10866.0,145960.99967699999
2026-02-11,AE2J_edge,39793.080796,564.0,22130.455551
2026-02-11,AE2J_inside,14584726.7336,25158.0,11960853.855281
2026-02-11,other,321660.148669,9849.0,180380.231711
2026-02-12,AE2J_edge,83016.600372,1354.0,36744.164094
2026-02-12,AE2J_inside,17736188.584,31250.0,14224766.206206
2026-02-12,other,288459.504869,8625.0,147841.003636
2026-02-13,AE2J_edge,38433.724708,481.0,19582.707092
2026-02-13,AE2J_inside,13240536.53,21897.0,10841182.720015
2026-02-13,other,282422.726262,8763.0,139229.20931
2026-02-14,AE2J_edge,62140.068763,681.0,32733.226208
2026-02-14,AE2J_inside,17641483.76583,26814.0,14357905.25533
2026-02-14,other,335262.26816,4740.0,173818.10744
2026-02-15,AE2J_edge,85692.286779,1112.0,43823.68374
2026-02-15,AE2J_inside,24838974.3768,56811.0,20333371.052656
2026-02-15,other,252243.156661,6449.0,120337.172134
2026-02-16,AE2J_edge,23454.651121,283.0,12426.865812
2026-02-16,AE2J_inside,18707774.671771,43054.0,15448423.713435
2026-02-16,other,153381.606645,4381.0,78776.913007
2026-02-17,AE2J_edge,8151.432367,158.0,4704.880047
2026-02-17,AE2J_inside,5609014.719,17687.0,4527112.646601
2026-02-17,other,144461.965492,9492.0,66583.395612
2026-02-18,9Ns5_edge,16777.394267,209.0,9354.345989
2026-02-18,9Ns5_inside,5998013.153,18528.0,4919680.125745
2026-02-18,AE2J_edge,5338.695656,62.0,2092.912893
2026-02-18,AE2J_inside,2519789.443,7960.0,2021601.961458
2026-02-18,other,158256.943061,5085.0,75228.253367
2026-02-19,9Ns5_edge,53913.33526,764.0,30558.926971
2026-02-19,9Ns5_inside,19379406.620028,59899.0,15755651.338394001
2026-02-19,AE2J_edge,10298.344922,167.0,5311.562097
2026-02-19,AE2J_inside,801190.769,5240.0,642020.48102
2026-02-19,other,154261.311782,6078.0,73994.652232
2026-02-20,9Ns5_edge,23745.978479,285.0,14191.408345
2026-02-20,9Ns5_inside,11442591.026,27343.0,9239289.212656
2026-02-20,AE2J_edge,13790.538573,185.0,7668.877296
2026-02-20,AE2J_inside,1553939.694499,10528.0,1263787.175704
2026-02-20,other,208525.485251,5710.0,120476.00594
2026-02-21,9Ns5_edge,22766.433238,279.0,11544.775145
2026-02-21,9Ns5_inside,15042398.4462,36718.0,12234722.752233
2026-02-21,AE2J_edge,1525.947981,28.0,730.808121
2026-02-21,AE2J_inside,130483.798,895.0,107380.678219
2026-02-21,other,168035.775769,3764.0,90804.132025
2026-02-22,9Ns5_edge,37767.764431999996,395.0,24676.836737
2026-02-22,9Ns5_inside,18484700.6719,41414.0,14915849.919942
2026-02-22,AE2J_inside,1352.944,8.0,1084.49931
2026-02-22,other,201378.709638,6289.0,88351.873313
2026-02-23,9Ns5_edge,40140.434671,389.0,28541.464441
2026-02-23,9Ns5_inside,20554558.580213,46332.0,16777203.246219
2026-02-23,other,235638.604857,8233.0,127702.780983
2026-02-24,9Ns5_edge,24848.221049,225.0,16292.192737
2026-02-24,9Ns5_inside,15495625.444177,34882.0,12566341.129891
2026-02-24,other,279465.427801,9093.0,126041.907986
2026-02-25,9Ns5_edge,16614.933624,220.0,11429.006009
2026-02-25,9Ns5_inside,5037843.912,11361.0,4068388.889041
2026-02-25,AE2J_edge,2301.716197,70.0,1326.948969
2026-02-25,AE2J_inside,136299.722,2490.0,111366.950146
2026-02-25,other,449139.569166,6961.0,283130.663174
2026-02-26,9Ns5_edge,75914.184109,816.0,52014.409997
2026-02-26,9Ns5_inside,23803795.007,45271.0,19371312.370222
2026-02-26,AE2J_edge,16195.826534,453.0,9304.765528
2026-02-26,AE2J_inside,897684.039228,16519.0,733602.504418
2026-02-26,other,593652.986442,3421.0,435820.895227
2026-02-27,9Ns5_edge,39182.980618,418.0,26889.642564
2026-02-27,9Ns5_inside,16385900.616951,28734.0,13194621.437257
2026-02-27,AE2J_edge,5779.402958,187.0,3051.578423
2026-02-27,AE2J_inside,571135.637,10442.0,460985.470378
2026-02-27,other,1183294.195505,4429.0,892996.723312
2026-02-28,9Ns5_edge,4553.76753,34.0,2984.3951779999998
2026-02-28,9Ns5_inside,1148855.577,2004.0,900846.770908
2026-02-28,AE2J_edge,2458.406996,55.0,1736.471549
2026-02-28,AE2J_inside,262279.287,4774.0,212839.472516
2026-02-28,other,1332560.917159,4312.0,980504.606445
2026-03-01,9Ns5_edge,37386.827831,332.0,27150.454656
2026-03-01,9Ns5_inside,11928137.397,25100.0,9718001.945833
2026-03-01,AE2J_edge,340.881,6.0,200.67115099999998
2026-03-01,AE2J_inside,47535.596,863.0,38813.008094
2026-03-01,other,1098351.937048,4435.0,815783.424369
2026-03-02,9Ns5_edge,71583.606719,964.0,51266.693054999996
2026-03-02,9Ns5_inside,30565275.3082,58014.0,24781123.440838
2026-03-02,AE2J_edge,1590.471775,382.0,800.798788
2026-03-02,AE2J_inside,129350.699,4250.0,105183.050961
2026-03-02,other,930034.3364179999,22182.0,681715.08541
2026-03-03,9Ns5_edge,65174.109298999996,1012.0,38927.550619
2026-03-03,9Ns5_inside,13288069.180439,45722.0,10810758.564761
2026-03-03,AE2J_edge,8739.003957,507.0,4692.320038
2026-03-03,AE2J_inside,519540.435,17543.0,422285.52508100006
2026-03-03,other,602469.5572180001,10279.0,413428.95616
2026-03-04,9Ns5_edge,52201.119858,655.0,34335.350298
2026-03-04,9Ns5_inside,17296662.83378,30406.0,14171138.344014
2026-03-04,AE2J_edge,5179.919497,231.0,2973.583127
2026-03-04,AE2J_inside,268199.338,9089.0,220585.782779
2026-03-04,other,1436605.661378,6717.0,1106277.230852
2026-03-05,9Ns5_edge,65050.783547,1111.0,42745.037342999996
2026-03-05,9Ns5_inside,18961130.669597,33218.0,15601991.940525
2026-03-05,AE2J_edge,3104.660328,317.0,1637.9995959999999
2026-03-05,AE2J_inside,140159.429,4617.0,115551.480541
2026-03-05,other,1527915.588938,16412.0,1097882.705046
2026-03-06,9Ns5_edge,56888.20778,694.0,37433.579017
2026-03-06,9Ns5_inside,15411021.873751,26738.0,12590714.383782
2026-03-06,AE2J_edge,74.0,3.0,37.0
2026-03-06,AE2J_inside,8646.217,291.0,6969.718338
2026-03-06,other,1876469.372359,17927.0,1423511.570066
2026-03-07,9Ns5_edge,31148.398259,524.0,14475.750458
2026-03-07,9Ns5_inside,15574176.083028,27015.0,12622431.279258
2026-03-07,AE2J_edge,34.728,1.0,30.282816
2026-03-07,AE2J_inside,539.313,24.0,442.387229
2026-03-07,other,1539385.156092,12741.0,1134229.928088
2026-03-08,9Ns5_edge,48653.550869,670.0,28563.463796
2026-03-08,9Ns5_inside,22296631.070607,38989.0,18054520.060179
2026-03-08,other,1806042.026474,13669.0,1304086.659398
2026-03-09,9Ns5_edge,77463.011577,859.0,53385.161039
2026-03-09,9Ns5_inside,23347735.583688,40570.0,19142938.032815
2026-03-09,other,1683641.57745,19903.0,1233002.365107
2026-03-10,9Ns5_edge,99359.786536,977.0,66512.613278
2026-03-10,9Ns5_inside,21324427.23545,37209.0,17426656.921437
2026-03-10,other,1892140.068855,18333.0,1359415.40376
2026-03-11,9Ns5_edge,69862.859833,661.0,50607.100297
2026-03-11,9Ns5_inside,16301109.3762,28449.0,13221975.489058
2026-03-11,other,2462991.291436,25827.0,1793144.512056
2026-03-12,9Ns5_edge,83823.624127,1063.0,51120.697247000004
2026-03-12,9Ns5_inside,16051068.994839,28194.0,13012034.549101
2026-03-12,other,2749332.990467,18697.0,2025261.569397
2026-03-13,9Ns5_edge,85803.705346,604.0,58536.899443
2026-03-13,9Ns5_inside,14861969.385599999,26090.0,12166337.626493
2026-03-13,other,2123760.829471,16666.0,1540525.013008
2026-03-14,9Ns5_edge,36388.913835,211.0,27029.004561
2026-03-14,9Ns5_inside,11117840.2223,19711.0,8884297.552812
2026-03-14,other,2162816.250878,21939.0,1653888.309188
2026-03-15,9Ns5_edge,14517.843979,108.0,9938.452037
2026-03-15,9Ns5_inside,8088177.028,14273.0,6485923.761593
2026-03-15,other,1804290.5394289999,12628.0,1357166.420697
2026-03-16,9Ns5_edge,51841.866269,323.0,36638.337849
2026-03-16,9Ns5_inside,12973281.795,22823.0,10627383.325657
2026-03-16,other,1982594.280635,11274.0,1549956.5476560001
2026-03-17,9Ns5_edge,42679.473681,310.0,28602.805185
2026-03-17,9Ns5_inside,17851571.757338,31528.0,14407652.688251
2026-03-17,other,2302624.347534,18163.0,1741244.562016
2026-03-18,9Ns5_edge,21166.039073,212.0,13545.216919
2026-03-18,9Ns5_inside,8896634.022866,15690.0,7199960.299583
2026-03-18,other,3224937.563171,16814.0,2441773.91839
2026-03-19,9Ns5_edge,40678.092196,266.0,28221.723418
2026-03-19,9Ns5_inside,9241027.428,16013.0,7496388.166985
2026-03-19,other,2942029.981983,17097.0,2227665.686229
2026-03-20,9Ns5_edge,69499.974199,689.0,40664.633111
2026-03-20,9Ns5_inside,11388543.45744,20030.0,9144054.948501
2026-03-20,other,2846248.431793,18139.0,2148403.018586
2026-03-21,9Ns5_edge,43296.679001,468.0,24875.494918
2026-03-21,9Ns5_inside,10918227.372899,19256.0,8735003.236129
2026-03-21,other,2542990.145405,14704.0,1885236.716896
2026-03-22,9Ns5_edge,28990.355647,286.0,16576.92394
2026-03-22,9Ns5_inside,6244182.256,11014.0,4955346.234278
2026-03-22,other,2603461.127825,12679.0,1898812.06675
2026-03-23,9Ns5_edge,31354.468999,208.0,20474.218006
2026-03-23,9Ns5_inside,2714582.769,4795.0,2194889.929891
2026-03-23,other,2539537.973545,11990.0,1847443.804284
2026-03-24,9Ns5_edge,99668.884721,908.0,63111.606345
2026-03-24,9Ns5_inside,10106868.320892,21500.0,8032737.792051
2026-03-24,other,2401906.660658,19392.0,1746168.561968
2026-03-25,9Ns5_edge,99853.109264,882.0,62179.368279
2026-03-25,9Ns5_inside,11178839.615582,23803.0,9019450.586579
2026-03-25,other,2174250.659406,14544.0,1726627.308336
2026-03-26,9Ns5_edge,80083.501668,562.0,54178.302541
2026-03-26,9Ns5_inside,7700130.05995,16526.0,6243426.03317
2026-03-26,other,2273127.442832,15752.0,1735885.315103
2026-03-27,9Ns5_edge,67480.727915,478.0,45630.746505
2026-03-27,9Ns5_inside,6778225.9545,14550.0,5479463.041358
2026-03-27,other,2942274.590152,17274.0,2399429.918029
2026-03-28,9Ns5_edge,48944.145975,345.0,33276.02829
2026-03-28,9Ns5_inside,4820475.805914,10380.0,3844413.7806989998
2026-03-28,other,2994531.532187,18574.0,2340221.7792599997
2026-03-29,9Ns5_edge,32981.930771,257.0,21802.324714
2026-03-29,9Ns5_inside,4080432.789,8811.0,3299355.588617
2026-03-29,other,2974853.304009,19173.0,2338201.552704
2026-03-30,9Ns5_edge,64077.665842,423.0,40653.777668
2026-03-30,9Ns5_inside,4623450.684,9837.0,3732997.820831
2026-03-30,other,2666120.236834,11391.0,2166452.8202980002
2026-03-31,9Ns5_edge,45878.76434,302.0,30918.237783
2026-03-31,9Ns5_inside,3450279.804,7430.0,2829873.15355
2026-03-31,other,2821909.202972,12270.0,2259293.886643
2026-04-01,9Ns5_edge,32421.533551,291.0,22054.618991
2026-04-01,9Ns5_inside,2217173.941,4804.0,1782593.945818
2026-04-01,other,2358800.788237,17493.0,1886467.097392
2026-04-02,9Ns5_edge,19753.115181,101.0,13898.846179
2026-04-02,9Ns5_inside,662452.5299,1406.0,520911.433715
2026-04-02,other,1140898.490831,9142.0,922619.307087
2026-04-03,9Ns5_edge,3510.999994,39.0,2004.830997
2026-04-03,9Ns5_inside,633821.79,1355.0,502506.770667
2026-04-03,other,1291022.816988,9901.0,1065058.916119
2026-04-04,9Ns5_edge,5570.748782,26.0,3980.214536
2026-04-04,9Ns5_inside,306800.295213,665.0,245019.113091
2026-04-04,other,1243128.2810820001,7833.0,991217.2714259999
2026-04-05,9Ns5_edge,42139.165439,264.0,30130.368102
2026-04-05,9Ns5_inside,4072460.67,8794.0,3239460.457553
2026-04-05,other,1795653.424152,9001.0,1419172.832623
2026-04-06,9Ns5_edge,33333.361876,198.0,21780.053241999998
2026-04-06,9Ns5_inside,2056775.249,4377.0,1626385.197764
2026-04-06,other,1581107.350776,9186.0,1231355.626855
2026-04-07,9Ns5_edge,32771.458616,207.0,22272.045993
2026-04-07,9Ns5_inside,1217926.6686,2594.0,998572.092339
2026-04-07,other,1694511.252574,13247.0,1305889.291486
2026-04-08,9Ns5_edge,77255.428356,486.0,55779.753478
2026-04-08,9Ns5_inside,5884567.88724,12592.0,4673802.013124
2026-04-08,other,1635910.525269,11583.0,1293232.702337
2026-04-09,9Ns5_edge,28594.370494,185.0,19894.113567
2026-04-09,9Ns5_inside,2778908.157,5962.0,2188872.894642
2026-04-09,other,2776740.67169,18131.0,2284651.22968
2026-04-10,9Ns5_edge,72535.597956,373.0,54620.613856
2026-04-10,9Ns5_inside,3695714.716989,7787.0,3033490.604977
2026-04-10,other,2531466.752181,22060.0,2146434.577813
2026-04-11,9Ns5_edge,28362.478606,240.0,19272.315855
2026-04-11,9Ns5_inside,3768264.1164,8045.0,3012944.437522
2026-04-11,other,2671495.961405,17175.0,2242068.636084
2026-04-12,9Ns5_edge,26338.693512,105.0,19298.47249
2026-04-12,9Ns5_inside,845368.809,1781.0,666184.334731
2026-04-12,other,2311226.687679,16391.0,1895933.011332
2026-04-13,9Ns5_edge,12166.591967,72.0,8934.269205
2026-04-13,9Ns5_inside,612222.438,1333.0,480749.226274
2026-04-13,other,2762177.301929,18670.0,2316099.347872
2026-04-14,9Ns5_edge,21070.514615,108.0,14577.679339999999
2026-04-14,9Ns5_inside,877461.819,1866.0,708828.53055
2026-04-14,other,2926105.658503,13593.0,2362790.281254
2026-04-15,9Ns5_edge,80083.291232,905.0,53530.338548
2026-04-15,9Ns5_inside,6048226.570889,19760.0,4937153.373156
2026-04-15,other,3223488.158108,22118.0,2661596.610636
2026-04-16,9Ns5_edge,26180.739709,453.0,14911.734441
2026-04-16,9Ns5_inside,2864078.615745,12176.0,2288541.933292
2026-04-16,other,3903040.936861,24169.0,3249429.749668
2026-04-17,9Ns5_edge,6422.6966,90.0,3687.448855
2026-04-17,9Ns5_inside,992341.2512,3210.0,806859.680931
2026-04-17,other,3677007.53924,24567.0,3086900.83295
2026-04-18,9Ns5_edge,38703.307017,410.0,25943.86604
2026-04-18,9Ns5_inside,7800829.99993,29799.0,6182487.381809
2026-04-18,other,3810356.709176,21801.0,3182755.199119
2026-04-19,9Ns5_edge,22956.855299,483.0,15636.844041999999
2026-04-19,9Ns5_inside,5257935.304484,22349.0,4245227.148452
2026-04-19,other,3017078.2962140003,28359.0,2545360.320445
2026-04-20,9Ns5_edge,41534.527188,343.0,29609.198788
2026-04-20,9Ns5_inside,4692905.579029,21926.0,3806001.201858
2026-04-20,other,3527576.091883,14247.0,3013510.347991
2026-04-21,9Ns5_edge,36982.254593,311.0,26309.581914
2026-04-21,9Ns5_inside,3070212.024399,14860.0,2475332.974371
2026-04-21,other,2628736.478913,17328.0,2157150.57847
2026-04-22,9Ns5_edge,31882.109395,229.0,23962.58259
2026-04-22,9Ns5_inside,2624517.628599,12781.0,2137461.595056
2026-04-22,other,3371602.027483,18816.0,2778678.495292
2026-04-23,9Ns5_edge,44178.48355,381.0,33601.960662
2026-04-23,9Ns5_inside,3841915.261,17630.0,3087134.744155
2026-04-23,other,3356005.111348,21348.0,2693148.670418
2026-04-24,9Ns5_edge,41064.591913,371.0,30225.31708
2026-04-24,9Ns5_inside,5374736.033,24206.0,4335334.057672
2026-04-24,other,3576140.799587,36624.0,2823909.228533
2026-04-25,9Ns5_edge,37021.248087,278.0,26866.52756
2026-04-25,9Ns5_inside,20310669.9758,49635.0,10430991.261242
2026-04-25,other,3053385.440684,20426.0,2307782.103337
2026-04-26,9Ns5_edge,41642.407794,618.0,23314.453124
2026-04-26,9Ns5_inside,24004379.001897,72926.0,7020068.528842
2026-04-26,other,3544224.362031,26258.0,2739666.635719
2026-04-27,9Ns5_edge,117331.040462,538.0,75308.565902
2026-04-27,9Ns5_inside,15473383.355,39694.0,4764162.7481
2026-04-27,other,2160613.079426,17835.0,1642894.092077
2026-04-28,9Ns5_edge,98745.516199,680.0,71034.74162
2026-04-28,9Ns5_inside,18199971.830268,52246.0,5290988.772453
2026-04-28,other,1838274.419619,16468.0,1377539.909002
2026-04-29,9Ns5_edge,102182.63243700001,744.0,72357.874426
2026-04-29,9Ns5_inside,16857472.265348002,48421.0,4964585.977604
2026-04-29,other,2277421.0032099998,13518.0,1731401.85347
2026-04-30,9Ns5_edge,74849.912916,775.0,54914.834136
2026-04-30,9Ns5_inside,14855264.318596,41123.0,4407605.689609
2026-04-30,other,2935724.131287,23227.0,2197126.95425
2026-05-01,9Ns5_edge,110936.332607,776.0,81669.689943
2026-05-01,9Ns5_inside,10390188.395,30978.0,2839094.888409
2026-05-01,other,3173953.3586399998,40666.0,2378638.907539
2026-05-02,9Ns5_edge,55061.787707,656.0,31967.665773
2026-05-02,9Ns5_inside,11104833.292498,36994.0,3237375.346739
2026-05-02,other,3914224.873109,24012.0,2898288.580562
2026-05-03,9Ns5_edge,41349.826272,623.0,22619.413488
2026-05-03,9Ns5_inside,9429930.793944,31546.0,2753572.184393
2026-05-03,other,4267445.106402,17501.0,3171904.163969
2026-05-04,9Ns5_edge,100225.6688,858.0,66842.310376
2026-05-04,9Ns5_inside,5349905.237099,18482.0,1486654.097294
2026-05-04,other,2838035.046081,16174.0,2147837.858228
2026-05-05,9Ns5_edge,73928.510309,527.0,54274.562491
2026-05-05,9Ns5_inside,2992272.46123,10754.0,843856.084831
2026-05-05,other,3066431.74064,13507.0,2177636.800431
2026-05-06,9Ns5_edge,72655.888664,999.0,52090.863693
2026-05-06,9Ns5_inside,4121715.6112,14911.0,1165722.301978
2026-05-06,other,4775856.151594,18872.0,3314512.30072
2026-05-07,9Ns5_edge,29337.761991,830.0,17241.937222
2026-05-07,9Ns5_inside,3113599.855399,15849.0,903068.320243
2026-05-07,other,3229877.2469430002,37368.0,2370250.811379
2026-05-08,9Ns5_edge,15914.293329,269.0,8873.616159
2026-05-08,9Ns5_inside,1267419.06234,6796.0,360430.106507
2026-05-08,other,4780863.981081,21417.0,3549314.983384
2026-05-09,9Ns5_edge,914.4522,35.0,460.739571
2026-05-09,9Ns5_inside,238052.3079,1293.0,63827.578063
2026-05-09,other,2113829.372624,22953.0,1362351.321348
2026-05-10,9Ns5_edge,0.2,2.0,0.0298
2026-05-10,9Ns5_inside,16454.337,99.0,4647.154205
2026-05-10,other,3152648.356823,19484.0,2491580.088125
2026-05-11,9Ns5_edge,1608.587,20.0,1210.16971
2026-05-11,9Ns5_inside,94662.466,540.0,28923.040101
2026-05-11,other,4551763.374334,15907.0,3541785.6021889998
2026-05-12,9Ns5_edge,67711.07304,387.0,50923.833896
2026-05-12,9Ns5_inside,9845928.181,25156.0,2970302.9400969995
2026-05-12,other,6048395.316668,26892.0,4384148.620581
2026-05-13,9Ns5_edge,16468.428715,215.0,11405.996825
2026-05-13,9Ns5_inside,6660295.345,23555.0,1946578.49184
2026-05-13,other,5355010.659598,42664.0,3761774.581181
2026-05-14,9Ns5_edge,22024.138,255.0,16547.400811
2026-05-14,9Ns5_inside,9243030.859,23450.0,2643650.480761
2026-05-14,other,5409159.268426,43141.0,3716547.952677
2026-05-15,9Ns5_edge,8982.380037,135.0,5738.429261
2026-05-15,9Ns5_inside,5207200.454,20802.0,1511665.264953
2026-05-15,other,4120110.237184,32821.0,2754323.55321
2026-05-16,9Ns5_edge,2334.753,69.0,1630.826429
2026-05-16,9Ns5_inside,4164120.874,16666.0,1273537.574303
2026-05-16,other,4807977.682218,25447.0,3446438.409682
2026-05-17,9Ns5_edge,6947.516982,122.0,4127.816987
2026-05-17,9Ns5_inside,3410244.762,14458.0,900255.7415
2026-05-17,other,5022167.350894,19182.0,3563316.554117
2026-05-18,9Ns5_edge,34643.820838,147.0,25134.962022
2026-05-18,9Ns5_inside,8387824.215,22095.0,2364475.324227
2026-05-18,other,4709368.804165,25435.0,3151828.971569
2026-05-19,9Ns5_edge,18481.817818,341.0,11994.493146
2026-05-19,9Ns5_inside,10199199.78,35283.0,2771425.701376
2026-05-19,other,5815324.073635,36855.0,4152890.289236
2026-05-20,9Ns5_edge,58056.819,265.0,44709.255736
2026-05-20,9Ns5_inside,16316578.501,35259.0,9754894.750498
2026-05-20,other,5537013.088884,47330.0,4018088.838126
2026-05-21,9Ns5_edge,38669.7656,246.0,29385.440743
2026-05-21,9Ns5_inside,22363201.6617,63506.0,16061940.178519998
2026-05-21,other,6053944.85842,20905.0,4377386.474312
2026-05-22,9Ns5_edge,63819.545,249.0,49506.6461
2026-05-22,9Ns5_inside,22154390.586,51470.0,15772016.489986
2026-05-22,other,4438919.064489,23918.0,3245503.542997
2026-05-23,9Ns5_edge,18854.081781,180.0,14215.906409000001
2026-05-23,9Ns5_inside,37449367.2406,80772.0,26055943.278043
2026-05-23,other,1295080.685162,29559.0,934832.536514
2026-05-24,9Ns5_edge,5653.8756730000005,197.0,3210.896834
2026-05-24,9Ns5_inside,38374282.8717,74169.0,26609376.478102
2026-05-24,other,1325653.444037,22391.0,1072937.36773
2026-05-25,9Ns5_edge,3429.654813,129.0,1968.59962
2026-05-25,9Ns5_inside,48691609.941594,74863.0,33939574.173566
2026-05-25,other,1496370.734944,34483.0,998311.031144
2026-05-26,9Ns5_edge,7921.8089660000005,178.0,4864.789907
2026-05-26,9Ns5_inside,53125697.762552,87476.0,37290616.638784
2026-05-26,other,2940042.700467,36032.0,1891408.8952890001
2026-05-27,9Ns5_edge,8211.830365,114.0,5186.0110270000005
2026-05-27,9Ns5_inside,51317710.2428,81125.0,36113417.315628
2026-05-27,other,4182745.244715,29731.0,2766263.914646
2026-05-28,9Ns5_edge,3921.028419,119.0,2206.06418
2026-05-28,9Ns5_inside,47411800.356789,61315.0,34147431.540437
2026-05-28,other,3808369.618122,23248.0,2459845.532408
2026-05-29,9Ns5_edge,11363.266427,197.0,7754.089356
2026-05-29,9Ns5_inside,34122172.7423,44909.0,24352486.174834
2026-05-29,other,7230748.510401,37062.0,4917388.372538
2026-05-30,9Ns5_edge,7130.134608,146.0,4360.101772
2026-05-30,9Ns5_inside,41971859.8937,50732.0,29117099.93005
2026-05-30,other,7253537.077934,22486.0,5124991.514643
2026-05-31,9Ns5_edge,9186.043265,353.0,5396.044792
2026-05-31,9Ns5_inside,42959308.38864,48869.0,30218295.593369
2026-05-31,other,8677301.997095,27568.0,6106466.103088
2026-06-01,9Ns5_edge,29645.719084,4514.0,20269.379102
2026-06-01,9Ns5_inside,48801812.189134,65765.0,35140713.958013
2026-06-01,other,8876475.345612,39514.0,6332250.89631
2026-06-02,9Ns5_edge,55058.002834,903.0,40971.998708
2026-06-02,9Ns5_inside,50151775.350511,79212.0,35437551.151938
2026-06-02,other,9396586.405491,23092.0,6916285.170278
2026-06-03,9Ns5_edge,68866.334405,1331.0,46643.924433
2026-06-03,9Ns5_inside,47709431.607635,86636.0,34132347.294579
2026-06-03,other,8829305.804199,17839.0,6402757.375422
2026-06-04,9Ns5_edge,27947.027438,718.0,16681.147316
2026-06-04,9Ns5_inside,23066574.602781,54576.0,16165123.756861
2026-06-04,other,6481818.121065,18629.0,4788583.666493
2026-06-05,9Ns5_edge,19472.676815,325.0,11004.914634
2026-06-05,9Ns5_inside,19880893.34,37735.0,13244062.039703
2026-06-05,other,1419864.909251,18948.0,1002756.641836
2026-06-06,9Ns5_edge,16087.970169,345.0,9172.809199
2026-06-06,9Ns5_inside,18595697.097142,38346.0,11930423.244236
2026-06-06,other,1388679.7569880001,11726.0,876113.568819
2026-06-07,9Ns5_edge,16634.882126,464.0,8905.675973
2026-06-07,9Ns5_inside,14231590.009,31127.0,9486254.256569
2026-06-07,other,1600220.753141,12355.0,1104870.964677
2026-06-08,9Ns5_edge,29610.980347,884.0,16975.680929
2026-06-08,9Ns5_inside,12029054.739966,28723.0,7886632.208351
2026-06-08,other,2497407.3240900002,17217.0,1743104.686698
2026-06-09,9Ns5_edge,41893.903,795.0,28742.574193
2026-06-09,9Ns5_inside,10006851.44,24667.0,6822136.914683
2026-06-09,other,5197607.177741,23205.0,3508259.834828
2026-06-10,9Ns5_edge,38319.194728,945.0,27269.99066
2026-06-10,9Ns5_inside,7405060.964,18750.0,5001764.440306
2026-06-10,other,7251388.560475,40908.0,4836446.886627
2026-06-11,9Ns5_edge,14127.132951,241.0,9225.315043
2026-06-11,9Ns5_inside,1712832.4858,5045.0,1083438.196104
2026-06-11,other,2161269.605852,26109.0,1486949.287918
2026-06-12,9Ns5_edge,42824.845608999996,528.0,28916.356763
2026-06-12,9Ns5_inside,14089528.6808,31605.0,9053652.974655
2026-06-12,other,2370579.561654,15850.0,1619765.55328
2026-06-13,9Ns5_edge,28560.975379,453.0,17371.925149
2026-06-13,9Ns5_inside,15279103.8721,34454.0,10037064.223023
2026-06-13,other,10918140.357132,16942.0,8198691.374314
2026-06-14,9Ns5_edge,6843.648904,156.0,4025.871642
2026-06-14,9Ns5_inside,12243222.4261,25814.0,7529830.596962
2026-06-14,other,8730621.790955,12824.0,6447235.559009
2026-06-15,9Ns5_edge,30750.570688,434.0,20794.843062
2026-06-15,9Ns5_inside,15622858.93764,30924.0,10599700.808052
2026-06-15,other,11946899.765354,29585.0,9786543.842838
2026-06-16,9Ns5_edge,48227.75938,536.0,35486.573209
2026-06-16,9Ns5_inside,10967525.981698,23544.0,7225216.086722
2026-06-16,other,12992304.694383,28750.0,9644102.513294
2026-06-17,9Ns5_edge,39536.599755,494.0,26993.75585
2026-06-17,9Ns5_inside,9042902.182594,21036.0,6032514.239217
2026-06-17,other,13008357.348386,26958.0,9475919.290409
2026-06-18,9Ns5_edge,42905.202014,267.0,28831.120626
2026-06-18,9Ns5_inside,5564061.567,13085.0,3768722.228199
2026-06-18,other,12692777.927049,18232.0,9395073.039613
2026-06-19,9Ns5_edge,26169.634994,273.0,15155.134808
2026-06-19,9Ns5_inside,10772799.574,21443.0,6745120.757636
2026-06-19,other,6659428.654834,13416.0,5067432.881381
2026-06-20,9Ns5_edge,30059.898141,343.0,20516.483285
2026-06-20,9Ns5_inside,7976223.191307,16366.0,5276642.060447
2026-06-20,other,6900347.809793,10372.0,5003979.684041
2026-06-21,9Ns5_edge,10195.522997,179.0,6258.429368
2026-06-21,9Ns5_inside,4114936.856,9947.0,2670664.1855200003
2026-06-21,other,5428495.520648001,13426.0,3866379.119806
2026-06-22,9Ns5_edge,10934.432997,158.0,7181.795509
2026-06-22,9Ns5_inside,3171323.793,7891.0,2155084.775748
2026-06-22,other,3567446.1577,11001.0,2575671.098332
2026-06-23,9Ns5_edge,15825.878,186.0,10499.029898
2026-06-23,9Ns5_inside,2159908.186,5588.0,1404235.459759
2026-06-23,other,1237906.332452,20093.0,885663.322048
2026-06-24,9Ns5_edge,71920.019881,643.0,50156.807971
2026-06-24,9Ns5_inside,8920289.856,18945.0,6088995.983469
2026-06-24,other,1374462.282153,37649.0,1033532.745771
2026-06-25,9Ns5_edge,66472.897,610.0,46265.260745
2026-06-25,9Ns5_inside,7917620.74,16742.0,5366751.57014
2026-06-25,other,1059566.531156,14433.0,772101.520023
2026-06-26,9Ns5_edge,49791.820035,608.0,31256.250838
2026-06-26,9Ns5_inside,6496890.2404,15621.0,4362542.578542
2026-06-26,other,1185904.540442,15324.0,800258.682078
2026-06-27,9Ns5_edge,36476.160927,459.0,23025.186062
2026-06-27,9Ns5_inside,7268663.7952,15707.0,5119910.268142
2026-06-27,other,1776743.003574,19790.0,1216017.224027
2026-06-28,9Ns5_edge,24768.176664,509.0,15280.658547
2026-06-28,9Ns5_inside,5804958.041561,12691.0,3897342.535417
2026-06-28,other,1696140.007229,17566.0,1100871.515851
2026-06-29,9Ns5_edge,28141.712666,287.0,18585.001738
2026-06-29,9Ns5_inside,4200731.447666,10333.0,2881350.972436
2026-06-29,other,1797758.431843,19417.0,1266019.067069
2026-06-30,9Ns5_edge,0.096,2.0,0.05541
2026-06-30,other,1182986.495579,16830.0,799763.858305
2026-07-01,9Ns5_edge,60497.443883,1123.0,40595.066856
2026-07-01,9Ns5_inside,15634853.871964,31080.0,10406649.867063
2026-07-01,other,6217475.378149,35293.0,4767018.995164
2026-07-02,9Ns5_edge,51696.634548,480.0,38506.757006
2026-07-02,9Ns5_inside,10977451.06,23475.0,7296756.598953
2026-07-02,other,7212950.791339,14157.0,5180111.9558500005
2026-07-03,9Ns5_edge,28539.516692,278.0,20594.534963000002
2026-07-03,9Ns5_inside,7661852.681,16428.0,5263457.871715
2026-07-03,other,9489796.785454,14476.0,6615447.192756
2026-07-04,9Ns5_edge,13027.803,191.0,7711.033407
2026-07-04,9Ns5_inside,6182626.475,14622.0,4074617.33746
2026-07-04,other,5947665.563086,11882.0,4297119.516108
2026-07-05,9Ns5_edge,7771.0869999999995,146.0,4620.977802
2026-07-05,9Ns5_inside,4376279.12,10289.0,2863733.328703
2026-07-05,other,3671194.200206,10451.0,2702063.161259
2026-07-06,9Ns5_edge,11193.960098,186.0,8377.317955
2026-07-06,9Ns5_inside,2569588.687,6484.0,1700167.895803
2026-07-06,other,2678480.031339,10702.0,1989610.055826
2026-07-07,9Ns5_edge,200.0,2.0,145.4
2026-07-07,9Ns5_inside,42334.294,119.0,30142.394442
2026-07-07,other,1373356.398411,11137.0,1055467.4843300001
2026-07-08,9Ns5_edge,4998.687407,532.0,3471.745425
2026-07-08,9Ns5_inside,2979364.030163,10945.0,2062692.566546
2026-07-08,other,1304096.179461,22583.0,1056778.746577
2026-07-09,9Ns5_edge,7704.314924,165.0,6212.979837
2026-07-09,9Ns5_inside,2378291.472501,9151.0,1516323.658949
2026-07-09,other,1107053.413807,10395.0,819313.271647
2026-07-10,9Ns5_edge,18311.448275,1413.0,13705.685911999999
2026-07-10,9Ns5_inside,7300120.250842,20385.0,4675821.974195
2026-07-10,other,2094882.987011,27215.0,1532366.845745
2026-07-11,9Ns5_edge,17079.39432,260.0,13602.755288
2026-07-11,9Ns5_inside,7606777.064294,20121.0,5398230.427558
2026-07-11,other,6050724.796146,19419.0,4414238.227745
2026-07-12,9Ns5_edge,10099.996067,157.0,7704.952953
2026-07-12,9Ns5_inside,4576481.5799,13100.0,2960163.91172
2026-07-12,other,6286578.742847,6803.0,4317172.292253
2026-07-13,9Ns5_edge,10559.554679,122.0,7846.518839
2026-07-13,9Ns5_inside,3407109.368491,9893.0,2240614.611749
2026-07-13,other,984674.766036,5038.0,903868.366002
2026-07-14,9Ns5_edge,5566.298919,204.0,3354.877504
2026-07-14,9Ns5_inside,2566776.463,7725.0,1753176.428182
2026-07-14,other,1006295.891194,8961.0,839070.064255
2026-07-15,9Ns5_edge,9822.713425,112.0,7511.607115
2026-07-15,9Ns5_inside,1676184.7278,4956.0,1155696.07456
2026-07-15,other,909533.454813,15502.0,650547.696081
2026-07-16,9Ns5_edge,4546.882636,125.0,3349.35282
2026-07-16,9Ns5_inside,1254029.003364,3867.0,802754.940637
2026-07-16,AE2J_edge,10557.935527,324.0,7383.197239
2026-07-16,AE2J_inside,2459349.623471,6216.0,1676066.786925
2026-07-16,other,1626643.268972,23816.0,1166616.797059
2026-07-17,9Ns5_edge,19971.44668,360.0,13490.729527
2026-07-17,9Ns5_inside,2171888.109,8008.0,1508710.725659
2026-07-17,AE2J_edge,22684.32999,408.0,16374.613043
2026-07-17,AE2J_inside,2671590.161,8903.0,1859325.085685
2026-07-17,other,1645941.622713,24614.0,1341464.183046
2026-07-18,9Ns5_edge,13267.716462,197.0,8821.502334
2026-07-18,9Ns5_inside,2394454.965891,9207.0,1560220.300891
2026-07-18,AE2J_edge,21044.181151,274.0,14016.861076
2026-07-18,AE2J_inside,2553726.42555,9240.0,1655733.224868
2026-07-18,other,977718.41755,10830.0,703427.947933
2026-07-19,9Ns5_edge,7403.126,93.0,5136.422265
2026-07-19,9Ns5_inside,2029265.844,7666.0,1333742.014364
2026-07-19,AE2J_edge,8562.083318,114.0,5776.244841
2026-07-19,AE2J_inside,2094325.324,7665.0,1375129.739397
2026-07-19,other,1032701.734396,10372.0,773914.689989
2026-07-20,9Ns5_edge,5153.298331,97.0,3487.5040089999998
2026-07-20,9Ns5_inside,1398932.016953,5564.0,898910.614054
2026-07-20,AE2J_edge,8966.00776,149.0,5693.548113
2026-07-20,AE2J_inside,1120230.83862,4346.0,721923.562919
2026-07-20,other,1474557.999751,6481.0,1246620.898493
2026-07-21,9Ns5_edge,10325.833971,107.0,7610.510469
2026-07-21,9Ns5_inside,1055752.597436,4242.0,688356.817446
2026-07-21,AE2J_edge,5146.7,63.0,3552.171074
2026-07-21,AE2J_inside,755006.438,2907.0,492980.245872
2026-07-21,other,1726552.072754,7769.0,1429247.992468
2026-07-22,9Ns5_edge,26615.649119,520.0,16805.218156
2026-07-22,9Ns5_inside,7158756.111254,26258.0,4646096.905941
2026-07-22,AE2J_edge,7302.125693,149.0,4553.987512
2026-07-22,AE2J_inside,2237411.485307,8370.0,1442227.956937
2026-07-22,other,1582467.858571,19663.0,1242322.005479
2026-07-23,9Ns5_edge,24973.263334,1044.0,16089.85338
2026-07-23,9Ns5_inside,5854030.0453,20534.0,3879049.928694
2026-07-23,AE2J_edge,11707.2644,334.0,7303.543235
2026-07-23,AE2J_inside,1826540.5398,6710.0,1217438.30685
2026-07-23,other,2278856.398113,16395.0,1886745.302009
2026-07-24,9Ns5_edge,23881.729468,790.0,15371.244291
2026-07-24,9Ns5_inside,4417281.662077,17212.0,2805662.222126
2026-07-24,AE2J_edge,5919.975569,358.0,2884.982269
2026-07-24,AE2J_inside,1039310.694939,4018.0,647716.835336
2026-07-24,other,1191110.431101,10317.0,896175.411518
2026-07-25,9Ns5_edge,9900.493522,178.0,7321.357193
2026-07-25,9Ns5_inside,3782518.520601,14178.0,2408331.269507
2026-07-25,AE2J_edge,1684.7828220000001,44.0,1177.393767
2026-07-25,AE2J_inside,718416.092,2800.0,440136.665399
2026-07-25,other,612090.648341,8068.0,391274.549265
2026-07-26,9Ns5_edge,7529.704939,215.0,4204.453194
2026-07-26,9Ns5_inside,3830372.194738,14172.0,2442198.8058040002
2026-07-26,AE2J_edge,1807.976463,55.0,1191.132595
2026-07-26,AE2J_inside,611878.516537,2421.0,388250.93802
2026-07-26,other,626692.595768,5449.0,474891.240102
2026-07-27,9Ns5_edge,11466.157411,142.0,7952.889117
2026-07-27,9Ns5_inside,2573235.369401,9742.0,1713972.950625
2026-07-27,AE2J_edge,1082.792585,25.0,586.169596
2026-07-27,AE2J_inside,300158.897,1177.0,194951.401695
2026-07-27,other,946331.741679,5346.0,722343.126058
2026-07-28,9Ns5_edge,19056.383502,2031.0,11008.51152
2026-07-28,9Ns5_inside,2247178.628,8577.0,1425256.379968
2026-07-28,AE2J_edge,1517.792,173.0,823.848236
2026-07-28,AE2J_inside,186393.635,736.0,113545.059446
2026-07-28,other,1368722.928297,14302.0,1024927.56369
2026-07-29,9Ns5_edge,7716.334651,400.0,4705.987566
2026-07-29,9Ns5_inside,2230474.11618,8549.0,1429785.051633
2026-07-29,AE2J_edge,1.718,2.0,0.9819199999999999
2026-07-29,AE2J_inside,119242.557,474.0,74659.770949
2026-07-29,other,1071651.86779,9791.0,843311.306537
2026-07-30,9Ns5_edge,4054.961046,100.0,2844.614954
2026-07-30,9Ns5_inside,1161625.275,4585.0,730065.551314
2026-07-30,AE2J_edge,203.371,5.0,172.89708000000002
2026-07-30,AE2J_inside,82599.013,331.0,49860.375961
2026-07-30,other,739335.173146,7998.0,418852.903375
2026-07-31,9Ns5_edge,24340.457353,1890.0,15035.539961
2026-07-31,9Ns5_inside,4101909.960078,15257.0,2700003.024786
2026-07-31,AE2J_edge,5619.784327,254.0,3301.167306
2026-07-31,AE2J_inside,781401.822,2982.0,505416.493667
2026-07-31,other,660407.474833,10461.0,450044.630135
2026-08-01,9Ns5_edge,11137.231331,556.0,7096.964118
2026-08-01,9Ns5_inside,4119120.535792,15403.0,2646462.241806
2026-08-01,AE2J_edge,1483.024124,385.0,785.959371
2026-08-01,AE2J_inside,493557.575,1942.0,297870.510082
2026-08-01,other,982498.278604,18449.0,596771.261195
2026-08-02,9Ns5_edge,12034.116792,1623.0,7607.852802
2026-08-02,9Ns5_inside,3086763.037775,11866.0,1951825.013383
2026-08-02,AE2J_edge,1600.47,395.0,1083.155661
2026-08-02,AE2J_inside,355173.387,1414.0,213747.152401
2026-08-02,other,521244.243756,19683.0,319242.652399
2026-08-03,9Ns5_edge,26142.516861,1236.0,18318.428027
2026-08-03,9Ns5_inside,2437515.716,9093.0,1597477.378475
2026-08-03,AE2J_edge,1830.5230000000001,99.0,1095.5638940000001
2026-08-03,AE2J_inside,220850.806,881.0,140485.950842
2026-08-03,other,666432.666287,8403.0,517825.592162
2026-08-04,9Ns5_edge,30054.649472,2049.0,18251.529418
2026-08-04,9Ns5_inside,4943635.146064,17586.0,3208382.539009
2026-08-04,AE2J_edge,1401.264851,142.0,776.952125
2026-08-04,AE2J_inside,478446.45653,1882.0,300166.704591
2026-08-04,other,915278.717114,10171.0,598895.820879
2026-08-05,9Ns5_edge,1217.123624,26.0,920.051048
2026-08-05,9Ns5_inside,48294.969,193.0,28467.964519
2026-08-05,AE2J_edge,39.033457,1.0,20.999999
2026-08-05,AE2J_inside,3487.234,14.0,2359.887199
2026-08-05,other,1202965.163115,18729.0,885052.158987
2026-08-06,9Ns5_edge,26259.414265,2616.0,15538.880506
2026-08-06,9Ns5_inside,4626633.720798,15874.0,2941874.143775
2026-08-06,AE2J_edge,3758.298061,563.0,2301.708121
2026-08-06,AE2J_inside,321548.224968,1251.0,201313.665117
2026-08-06,other,995724.544094,14439.0,660632.627298
2026-08-07,9Ns5_edge,26709.55958,2327.0,16992.910169
2026-08-07,9Ns5_inside,4308249.533997,16136.0,2829906.183825
2026-08-07,AE2J_edge,1284.252,331.0,666.924962
2026-08-07,AE2J_inside,364735.028,1438.0,231035.845695
2026-08-07,other,975913.498972,16953.0,619933.851857
2026-08-08,9Ns5_edge,28167.574184,421.0,16708.113204
2026-08-08,9Ns5_inside,3963860.402819,13743.0,2565273.311782
2026-08-08,AE2J_edge,1987.375,58.0,1028.351227
2026-08-08,AE2J_inside,347627.164,1368.0,215540.576428
2026-08-08,other,720848.871551,5224.0,453623.325265
2026-08-09,9Ns5_edge,12580.088239,383.0,5344.957284
2026-08-09,9Ns5_inside,3312378.566363,12132.0,2131414.698285
2026-08-09,AE2J_edge,2058.804,52.0,968.324586
2026-08-09,AE2J_inside,194727.713,765.0,120438.325154
2026-08-09,other,581322.504588,4276.0,393372.788721
2026-08-10,9Ns5_edge,20566.012207,420.0,10389.923606
2026-08-10,9Ns5_inside,3379960.486095,12426.0,2285134.212865
2026-08-10,AE2J_edge,1054.001,16.0,483.013013
2026-08-10,AE2J_inside,157819.978,622.0,101543.640337
2026-08-10,other,820325.727825,4171.0,705860.086437
2026-08-11,9Ns5_edge,5147.994122,251.0,3176.111663
2026-08-11,9Ns5_inside,2185277.775,8292.0,1492542.662589
2026-08-11,AE2J_edge,10.0,7.0,5.033999
2026-08-11,AE2J_inside,89303.707,362.0,61047.474227
2026-08-11,other,1137068.86471,5355.0,907434.7219
2026-08-12,9Ns5_edge,4037.774247,95.0,2368.9962800000003
2026-08-12,9Ns5_inside,476534.164,1964.0,297112.745365
2026-08-12,AE2J_edge,296.542,8.0,231.14544600000002
2026-08-12,AE2J_inside,35824.143,142.0,23424.233719
2026-08-12,other,883733.526278,6001.0,632818.002573
2026-08-13,9Ns5_edge,14637.954588,807.0,10644.051217
2026-08-13,9Ns5_inside,3483185.200941,13519.0,2260852.803638
2026-08-13,AE2J_edge,679.17187,30.0,538.278075
2026-08-13,AE2J_inside,105489.74,428.0,65918.389819
2026-08-13,other,1477207.949216,12878.0,1055813.747736
2026-08-14,9Ns5_edge,5744.333444,674.0,3726.840502
2026-08-14,9Ns5_inside,2609359.684775,9936.0,1712344.691505
2026-08-14,AE2J_edge,269.683,5.0,190.219621
2026-08-14,AE2J_inside,50341.221,201.0,30357.950151
2026-08-14,other,1667962.726783,13255.0,1346070.942053
2026-08-15,9Ns5_edge,10738.314441,795.0,6854.817054
2026-08-15,9Ns5_inside,4135747.495999,15622.0,2842789.426475
2026-08-15,AE2J_edge,7.665,5.0,4.154423
2026-08-15,AE2J_inside,50964.682,204.0,30888.069216
2026-08-15,other,944642.65121,5457.0,574918.452072
2026-08-16,9Ns5_edge,8547.282295,226.0,5775.693735
2026-08-16,9Ns5_inside,2715730.5961,9957.0,1866237.990898
2026-08-16,AE2J_edge,6.382,2.0,3.203764
2026-08-16,AE2J_inside,27136.29,108.0,17846.652112
2026-08-16,other,553811.710199,7331.0,363371.764188
2026-08-17,9Ns5_edge,6397.986877,275.0,4645.399831
2026-08-17,9Ns5_inside,1763081.036122,6786.0,1167559.42629
2026-08-17,AE2J_edge,0.10300000000000001,7.0,0.06154
2026-08-17,AE2J_inside,19976.021,80.0,11593.62557
2026-08-17,other,939724.204611,6181.0,786781.949116
2026-08-18,9Ns5_inside,980074.702,3441.0,541942.52712
2026-08-18,AE2J_inside,10599.414999999999,42.0,5527.114131
2026-08-18,other,528236.657504,6199.0,428892.995491
2026-08-19,9Ns5_edge,538.3670000000001,14.0,372.300279
2026-08-19,9Ns5_inside,316674.37,1260.0,221880.105362
2026-08-19,AE2J_inside,492.499,2.0,327.40449
2026-08-19,other,562012.140701,10320.0,425875.097097
2026-08-20,9Ns5_edge,7633.785,45.0,6141.512629
2026-08-20,9Ns5_inside,641867.788,2441.0,447046.074145
2026-08-20,AE2J_inside,1492.329,6.0,1001.151982
2026-08-20,other,1035115.901542,10695.0,716753.012154
2026-08-21,9Ns5_edge,19366.112,107.0,15712.060745
2026-08-21,9Ns5_inside,1848379.749,6597.0,1321984.747942
2026-08-21,AE2J_inside,14980.133,60.0,10869.076872
2026-08-21,other,1036554.256151,8803.0,873217.967655
2026-08-22,9Ns5_edge,1779.52,17.0,1399.393991
2026-08-22,9Ns5_inside,640700.49,2614.0,413259.240527
2026-08-22,AE2J_inside,3493.554,14.0,1912.262608
2026-08-22,other,1288621.691418,3948.0,976759.230439
2026-08-23,9Ns5_edge,5355.5470000000005,27.0,4402.550669
2026-08-23,9Ns5_inside,1857081.948,6824.0,1302235.300323
2026-08-23,AE2J_inside,6974.132,28.0,4246.787534
2026-08-23,other,1361148.015021,3515.0,990868.050366
2026-08-24,9Ns5_edge,6697.262,43.0,5530.943889
2026-08-24,9Ns5_inside,914772.211,3617.0,581701.640331
2026-08-24,AE2J_inside,4468.926,18.0,3007.847744
2026-08-24,other,943411.382102,3802.0,694234.973168
2026-08-25,9Ns5_edge,3289.579,31.0,2521.892499
2026-08-25,9Ns5_inside,1179975.221,4525.0,801703.764269
2026-08-25,AE2J_inside,2984.656,12.0,2175.626006
2026-08-25,other,468126.021073,4514.0,329076.955374
2026-08-26,9Ns5_edge,9174.982316,88.0,7518.528655
2026-08-26,9Ns5_inside,1152713.952,4542.0,748563.304439
2026-08-26,AE2J_inside,1488.485,6.0,962.645959
2026-08-26,other,667103.129445,7103.0,509104.089688
2026-08-27,9Ns5_edge,5620.715,67.0,4388.533526
2026-08-27,9Ns5_inside,881428.915,3466.0,547817.93945
2026-08-27,AE2J_inside,2994.293,12.0,2186.119497
2026-08-27,other,707149.294918,10853.0,477145.775887
2026-08-28,9Ns5_edge,7365.475,79.0,6002.087964
2026-08-28,9Ns5_inside,682045.587,2702.0,465115.00913
2026-08-28,AE2J_inside,994.385,4.0,652.312845
2026-08-28,other,548222.9690330001,7452.0,445435.557711
2026-08-29,9Ns5_edge,3338.697,44.0,2775.267613
2026-08-29,9Ns5_inside,958469.923,3649.0,632009.614169
2026-08-29,AE2J_inside,1489.313,6.0,940.915067
2026-08-29,other,1036415.168031,4168.0,799178.723189
2026-08-30,9Ns5_edge,404.261,38.0,301.434821
2026-08-30,9Ns5_inside,401229.221,1611.0,279497.466175
2026-08-30,AE2J_inside,987.775,4.0,740.124095
2026-08-30,other,1080790.767197,4128.0,814966.388496
2026-08-31,9Ns5_edge,2221.266,10.0,1396.75193
2026-08-31,9Ns5_inside,187643.458,746.0,133878.832059
2026-08-31,other,989387.2759,4058.0,807186.076527
2026-09-01,9Ns5_edge,3463.494,19.0,2741.146554
2026-09-01,9Ns5_inside,825925.891,3141.0,604090.222264
2026-09-01,other,1090987.365983,10976.0,905463.215588
2026-09-02,9Ns5_edge,2044.959,14.0,1764.240021
2026-09-02,9Ns5_inside,518955.899,2044.0,343017.991228
2026-09-02,other,1493978.027621,8614.0,1127841.497665
2026-09-03,other,1633373.344281,7171.0,1171651.696234
2026-09-04,9Ns5_inside,468145.919,1832.0,302334.427471
2026-09-04,other,1242245.172409,3580.0,856544.132895
2026-09-05,9Ns5_edge,2368.1,14.0,2009.648554
2026-09-05,9Ns5_inside,379560.568,1485.0,240828.444383
2026-09-05,other,1119024.250572,2811.0,760301.883822
2026-09-06,9Ns5_edge,260.01,1.0,215.8083
2026-09-06,9Ns5_inside,144125.588,582.0,84519.892457
2026-09-06,other,895528.086296,2954.0,648392.90287
2026-09-07,9Ns5_edge,316.125,14.0,190.590492
2026-09-07,9Ns5_inside,1544679.782,12132.0,964216.751948
2026-09-07,AE2J_edge,39.133,10.0,19.713724
2026-09-07,AE2J_inside,707621.822,5411.0,440749.562787
2026-09-07,other,620494.325379,3986.0,435208.535133
2026-09-08,9Ns5_edge,631.811,17.0,380.065759
2026-09-08,9Ns5_inside,1091388.734,9178.0,664194.731676
2026-09-08,AE2J_edge,764.06,19.0,517.8280179999999
2026-09-08,AE2J_inside,481500.427,4285.0,286642.326211
2026-09-08,other,480358.52751600003,4671.0,309527.573517
2026-09-09,9Ns5_edge,751.291205,78.0,496.65774899999997
2026-09-09,9Ns5_inside,1292939.21424,10587.0,804929.694127
2026-09-09,AE2J_edge,205.289205,46.0,135.430674
2026-09-09,AE2J_inside,467871.873795,4192.0,277830.345575
2026-09-09,other,633606.173342,4889.0,427010.157535
2026-09-10,9Ns5_edge,1147.100065,158.0,578.872969
2026-09-10,9Ns5_inside,1190145.615935,8854.0,702877.313868
2026-09-10,AE2J_edge,542.054476,87.0,325.198568
2026-09-10,AE2J_inside,341390.279935,2890.0,195913.011682
2026-09-10,other,694437.53299,5152.0,442560.12413999997
2026-09-11,9Ns5_edge,3958.465386,170.0,3083.362594
2026-09-11,9Ns5_inside,798733.911822,5767.0,523569.249613
2026-09-11,AE2J_edge,532.719178,56.0,375.796286
2026-09-11,AE2J_inside,219454.917822,1932.0,131619.504411
2026-09-11,other,778238.326175,4372.0,548640.306905
2026-09-12,9Ns5_edge,3367.872989,91.0,2714.342687
2026-09-12,9Ns5_inside,1135035.784219,8874.0,740790.625438
2026-09-12,AE2J_edge,338.988994,34.0,233.279041
2026-09-12,AE2J_inside,244753.647,2274.0,150219.362839
2026-09-12,other,1013558.761015,3980.0,663989.280312
2026-09-13,9Ns5_edge,1614.488649,51.0,1340.803361
2026-09-13,9Ns5_inside,805091.082745,6000.0,575806.992729
2026-09-13,AE2J_edge,437.795714,29.0,332.815142
2026-09-13,AE2J_inside,172607.163284,1586.0,113652.230119
2026-09-13,other,1068040.940771,4038.0,806469.867304
2026-09-14,9Ns5_edge,649.279896,92.0,351.670229
2026-09-14,9Ns5_inside,816494.132283,6269.0,482518.995153
2026-09-14,AE2J_edge,307.450494,44.0,167.46746
2026-09-14,AE2J_inside,157379.937181,1481.0,86544.817304
2026-09-14,other,774356.998949,4184.0,632151.242581
2026-09-15,9Ns5_edge,4377.219136,144.0,3569.349284
2026-09-15,9Ns5_inside,730783.153664,4843.0,462292.459353
2026-09-15,AE2J_edge,647.952604,62.0,429.38419999999996
2026-09-15,AE2J_inside,158328.808332,1234.0,97496.015934
2026-09-15,other,180318.578728,3897.0,84320.065975
2026-09-16,9Ns5_edge,1542.499349,133.0,958.456917
2026-09-16,9Ns5_inside,539486.048586,3715.0,352097.262608
2026-09-16,AE2J_edge,361.549,32.0,261.983796
2026-09-16,AE2J_inside,81653.312,680.0,47424.249001
2026-09-16,other,277964.957224,3903.0,128875.255489
2026-09-17,9Ns5_edge,912.725,64.0,604.402387
2026-09-17,9Ns5_inside,418272.097,3060.0,287177.672227
2026-09-17,AE2J_edge,114.456,8.0,44.029520000000005
2026-09-17,AE2J_inside,59519.243,488.0,37600.802178
2026-09-17,other,210743.513662,3604.0,77667.266429
2026-09-18,9Ns5_edge,157.135,14.0,76.822387
2026-09-18,9Ns5_inside,476042.052,3994.0,255229.612399
2026-09-18,AE2J_edge,70.0,3.0,28.520000000000003
2026-09-18,AE2J_inside,58543.596,552.0,31050.631742
2026-09-18,other,236244.524856,4334.0,127654.091017
2026-09-19,9Ns5_edge,323.65999999999997,2.0,285.50892
2026-09-19,9Ns5_inside,844708.584,4644.0,482729.97243
2026-09-19,AE2J_edge,296.457,2.0,248.08691
2026-09-19,AE2J_inside,139326.94,1057.0,78725.991896
2026-09-19,other,279831.568005,3880.0,113184.26992
2026-09-20,9Ns5_inside,63148.701,622.0,32957.843525
2026-09-20,AE2J_inside,7788.457,78.0,3984.338846
2026-09-20,other,220934.603611,3541.0,99628.091765
2026-09-21,9Ns5_edge,157.392,15.0,93.36558
2026-09-21,9Ns5_inside,704958.661,4195.0,392085.806253
2026-09-21,AE2J_edge,0.028,4.0,0.015001
2026-09-21,AE2J_inside,83027.483,675.0,45447.25971
2026-09-21,other,201831.41474,4339.0,112109.832231
2026-09-22,9Ns5_edge,416.1225,25.0,285.731251
2026-09-22,9Ns5_inside,500192.60625,3578.0,303711.880575
2026-09-22,AE2J_edge,20.0,2.0,12.04
2026-09-22,AE2J_inside,68676.203,605.0,38528.031394
2026-09-22,other,164688.410065,4567.0,55452.171617
2026-09-23,9Ns5_edge,231.955,14.0,125.239485
2026-09-23,9Ns5_inside,478396.075,3477.0,273750.044325
2026-09-23,AE2J_inside,46169.113,426.0,24467.665691
2026-09-23,other,209777.174681,4216.0,100586.030518
2026-09-24,9Ns5_edge,20.0,2.0,10.55
2026-09-24,9Ns5_inside,376417.262,2624.0,227297.503144
2026-09-24,AE2J_edge,50.0,1.0,19.0
2026-09-24,AE2J_inside,26377.103,222.0,14778.051488
2026-09-24,other,236405.843697,4457.0,93870.876209
2026-09-25,9Ns5_edge,182.01,16.0,89.39718500000001
2026-09-25,9Ns5_inside,317287.264,2553.0,199140.669176
2026-09-25,AE2J_edge,9.18,4.0,5.2885599999999995
2026-09-25,AE2J_inside,39773.096,398.0,22559.488678
2026-09-25,other,223204.060247,4330.0,79174.498048
2026-09-26,9Ns5_inside,299380.443,1638.0,149677.007391
2026-09-26,AE2J_inside,14293.271,91.0,7145.744996
2026-09-26,other,266203.34628,3583.0,82262.355845
2026-09-27,other,231400.228982,3881.0,78367.587781
2026-09-28,9Ns5_edge,1262.0,7.0,249.57999999999998
2026-09-28,9Ns5_inside,132802.624,700.0,75155.765105
2026-09-28,AE2J_edge,150.0,1.0,22.5
2026-09-28,AE2J_inside,17265.535,109.0,8915.821373
2026-09-28,other,94414.031468,2059.0,45281.508623
