group,log10_usdc_bin,fills,usdc
AE2J_edge,-2.0,11271.0,79.29720900000001
AE2J_edge,-1.75,3135.0,72.82724
AE2J_edge,-1.5,3260.0,141.610269
AE2J_edge,-1.25,2592.0,196.07737699999998
AE2J_edge,-1.0,2486.0,297.11917600000015
AE2J_edge,-0.75,2834.0,655.4339640000001
AE2J_edge,-0.5,2044.0,925.237973
AE2J_edge,-0.25,3908.0,2969.509804
AE2J_edge,0.0,2912.0,3759.7865450000004
AE2J_edge,0.25,3058.0,7593.243752
AE2J_edge,0.5,3379.0,14783.453312999998
AE2J_edge,0.75,3799.0,29536.379857999997
AE2J_edge,1.0,4292.0,57206.28325900001
AE2J_edge,1.25,4720.0,113316.68397799999
AE2J_edge,1.5,3848.0,164219.874201
AE2J_edge,1.75,4078.0,307826.38459300005
AE2J_edge,2.0,1230.0,163780.97383999996
AE2J_edge,2.25,562.0,124799.565729
AE2J_edge,2.5,153.0,64476.20482
AE2J_edge,2.75,115.0,80624.160305
AE2J_edge,3.0,2.0,2377.236
AE2J_inside,-2.0,6853.0,49.317904999999996
AE2J_inside,-1.75,2155.0,50.639331000000006
AE2J_inside,-1.5,2390.0,102.67305300000001
AE2J_inside,-1.25,2364.0,176.16062599999998
AE2J_inside,-1.0,1408.0,190.82091
AE2J_inside,-0.75,2578.0,635.5734660000002
AE2J_inside,-0.5,3007.0,1278.2474630000002
AE2J_inside,-0.25,2344.0,1817.8284770000002
AE2J_inside,0.0,2275.0,3133.327748
AE2J_inside,0.25,1374.0,3253.702899
AE2J_inside,0.5,1851.0,8728.501923
AE2J_inside,0.75,29361.0,244465.887083
AE2J_inside,1.0,68594.0,933210.2264790001
AE2J_inside,1.25,54829.0,1320784.121169
AE2J_inside,1.5,95932.0,4234475.544772
AE2J_inside,1.75,154104.0,11759467.153067999
AE2J_inside,2.0,352589.0,49187977.931232
AE2J_inside,2.25,233252.0,55000737.34697401
other,-2.0,1241605.0,6077.974687999999
other,-1.75,199631.0,4621.212542
other,-1.5,140641.0,6176.921609999999
other,-1.25,131307.0,10203.567388
other,-1.0,182020.0,23953.949797
other,-0.75,227604.0,54990.612541
other,-0.5,290113.0,126629.13434699998
other,-0.25,351428.0,276246.427256
other,0.0,413488.0,555014.0218489999
other,0.25,490299.0,1178094.90687
other,0.5,521714.0,2259194.945354
other,0.75,460155.0,3455790.3930659993
other,1.0,358621.0,4787921.427289999
other,1.25,304834.0,7147813.282811002
other,1.5,220503.0,9349135.631204
other,1.75,176479.0,13580775.70119
other,2.0,81791.0,11110540.917311
other,2.25,58863.0,13478336.316433
other,2.5,24419.0,10382297.234258004
other,2.75,16636.0,12862648.525381003
other,3.0,6717.0,8885786.77308
other,3.25,5668.0,13549046.805912998
other,3.5,9710.0,43966565.846296
other,3.75,5847.0,44897342.945194
other,4.0,3824.0,52327359.68480901
other,4.25,5723.0,142705011.39743897
other,4.5,3809.0,164350871.487115
AE2J_edge,3.5,4.0,16730.764278000002
AE2J_edge,3.75,1.0,9989.996397
other,4.75,122.0,7495610.787182
other,5.0,3.0,484628.725364
other,5.25,1.0,182682.0
AE2J_inside,2.5,226477.0,97315068.87251201
AE2J_inside,2.75,196278.0,136340652.420709
AE2J_inside,3.0,1821.0,2140416.3140000002
9Ns5_edge,-2.0,9835.0,65.942836
9Ns5_edge,-1.75,2939.0,69.745596
9Ns5_edge,-1.5,1187.0,48.622462000000006
9Ns5_edge,-1.0,660.0,90.635037
9Ns5_edge,-0.75,905.0,223.558086
9Ns5_edge,-0.5,2449.0,1169.5495879999999
9Ns5_edge,-0.25,11180.0,8561.162437
9Ns5_edge,0.0,7944.0,10849.243504
9Ns5_edge,0.25,5298.0,12964.726814999998
9Ns5_edge,0.5,6070.0,25947.070034
9Ns5_edge,0.75,5694.0,43664.17060999999
9Ns5_edge,1.0,5941.0,82201.814219
9Ns5_edge,1.25,7463.0,174714.02252799997
9Ns5_edge,1.5,5043.0,211942.381731
9Ns5_edge,1.75,6875.0,531700.363307
9Ns5_edge,2.0,3239.0,446716.3653539999
9Ns5_edge,2.25,3243.0,769782.641845
9Ns5_edge,2.5,2404.0,1017516.7771110001
9Ns5_inside,-0.25,1223.0,963.4999799999998
9Ns5_inside,0.75,21292.0,166781.63983100004
9Ns5_inside,1.0,23364.0,328069.606597
9Ns5_inside,1.25,86216.0,2152612.4863199997
9Ns5_inside,1.5,168561.0,7519391.344312
9Ns5_inside,1.75,421123.0,32604064.957330003
9Ns5_inside,2.0,863922.0,121748551.91695699
9Ns5_inside,2.25,1128848.0,269999941.638426
9Ns5_inside,2.5,946805.0,400065146.778787
AE2J_inside,3.25,28.0,54439.472
9Ns5_edge,-1.25,689.0,53.154571
9Ns5_edge,2.75,991.0,675126.8647179999
9Ns5_inside,0.0,2022.0,2730.4847189999996
9Ns5_inside,0.25,1995.0,4828.076575
9Ns5_inside,0.5,4177.0,19923.037392000002
9Ns5_inside,2.75,507830.0,359167619.155621
9Ns5_inside,-0.5,674.0,316.710258
9Ns5_edge,3.0,87.0,100381.05860399999
9Ns5_inside,3.0,85638.0,103269386.381427
9Ns5_inside,-0.75,260.0,61.316871000000006
9Ns5_inside,3.25,437.0,897480.348989
9Ns5_inside,-2.0,3533.0,31.245665
9Ns5_inside,-1.75,1057.0,24.745905
9Ns5_inside,-1.5,564.0,23.334967
9Ns5_inside,-1.25,361.0,27.926797
9Ns5_inside,-1.0,203.0,28.409684
