week,other_taker_fees,AE2J_taker_fees,venue_taker_fees,9Ns5_taker_fees,AE2J_rewards_received,AE2J_maker_fee_refunds_usdc,9Ns5_maker_fee_refunds_usdc,9Ns5_rewards_received
2025-02-03,0.0,0.0,0.0,0.0,0.0,0.0,0.0,0.0
2025-02-10,0.0,0.0,0.0,0.0,0.0,0.0,0.0,0.0
2025-02-17,0.0,0.0,0.0,0.0,0.0,0.0,0.0,0.0
2025-02-24,0.0,0.0,0.0,0.0,0.0,0.0,0.0,0.0
2025-03-03,0.0,0.0,0.0,0.0,0.0,0.0,0.0,0.0
2025-03-10,0.0,0.0,0.0,0.0,0.0,0.0,0.0,0.0
2025-03-17,0.0,0.0,0.0,0.0,0.0,0.0,0.0,0.0
2025-03-24,0.0,0.0,0.0,0.0,0.0,0.0,0.0,0.0
2025-03-31,0.0,0.0,0.0,0.0,0.0,0.0,0.0,0.0
2025-04-07,0.0,0.0,0.0,0.0,0.0,0.0,0.0,0.0
2025-04-14,0.0,0.0,0.0,0.0,0.0,0.0,0.0,0.0
2025-04-21,0.0,0.0,0.0,0.0,0.0,0.0,0.0,0.0
2025-04-28,0.0,0.0,0.0,0.0,0.0,0.0,0.0,0.0
2025-05-05,0.0,0.0,0.0,0.0,0.0,0.0,0.0,0.0
2025-05-12,0.0,0.0,0.0,0.0,0.0,0.0,0.0,0.0
2025-05-19,0.0,0.0,0.0,0.0,0.0,0.0,0.0,0.0
2025-05-26,0.0,0.0,0.0,0.0,0.0,0.0,0.0,0.0
2025-06-02,0.0,0.0,0.0,0.0,0.0,0.0,0.0,0.0
2025-06-09,0.0,0.0,0.0,0.0,0.0,0.0,0.0,0.0
2025-06-16,0.0,0.0,0.0,0.0,0.0,0.0,0.0,0.0
2025-06-23,0.0,0.0,0.0,0.0,0.0,0.0,0.0,0.0
2025-06-30,9.92815718926455,0.0,9.92815718926455,0.0,0.0,0.0,0.0,0.0
2025-07-07,1066.8528694600382,0.0,1066.8528694600382,0.0,0.0,0.0,0.0,0.0
2025-07-14,1395.2051789136547,0.0,1395.2051789136547,0.0,0.0,0.0,0.0,0.0
2025-07-21,2099.4919060889015,0.0,2099.4919060889015,0.0,0.0,0.0,0.0,0.0
2025-07-28,2094.0411333844154,0.0,2094.0411333844154,0.0,0.0,0.0,0.0,0.0
2025-08-04,2346.217370766807,0.0,2346.217370766807,0.0,0.0,0.0,0.0,0.0
2025-08-11,2263.2505661482496,0.0,2263.2505661482496,0.0,0.0,0.0,0.0,0.0
2025-08-18,2061.4474737876735,0.0,2061.4474737876735,0.0,0.0,0.0,0.0,0.0
2025-08-25,2295.233013126537,0.0,2295.233013126537,0.0,0.0,0.0,0.0,0.0
2025-09-01,2477.4972417239032,0.0,2477.4972417239032,0.0,0.0,0.0,0.0,0.0
2025-09-08,6792.183942410725,0.0,6792.183942410725,0.0,0.0,0.0,0.0,0.0
2025-09-15,19590.857237025655,450.9248372926622,20041.78207431832,0.0,9.474095,13.243629,0.0,0.0
2025-09-22,10470.888224160042,54.37206238193999,10525.260286541981,0.0,0.045866,1.707748,0.0,0.0
2025-09-29,16818.640107305746,0.22849799999999998,16818.868605305746,0.0,5.236274,4.665806,0.0,0.0
2025-10-06,15425.35398754557,0.526427,15425.880414545569,0.0,11.864725,5.149504,0.0,0.0
2025-10-13,15600.9073270033,0.069168,15600.9764950033,0.0,0.510764,0.117527,0.0,0.0
2025-10-20,16488.13546241709,0.0384,16488.17386241709,0.0,0.0,0.0,0.0,0.0
2025-10-27,11175.916141215232,19.789149808410002,11195.705291023642,0.0,17.753771999999998,5.910689,0.0,0.0
2025-11-03,15112.386842996591,3611.99448799496,18724.38133099155,0.0,14.813197,2.859445,0.0,0.0
2025-11-10,18185.575325582497,5591.05707735492,23776.632402937415,0.0,0.0,0.0,0.0,0.0
2025-11-17,24054.649737128035,2633.1704238707007,26687.820160998737,0.0,0.0,0.0,0.0,0.0
2025-11-24,71136.50714489249,243285.2522447989,314421.7593896914,0.0,1639.568949,97593.538839,0.0,0.0
2025-12-01,48138.83364198362,0.13338,48138.96702198362,0.0,12.88201,0.60693,0.0,0.0
2025-12-08,54724.388653035625,0.0,54724.388653035625,0.0,0.0,0.0,0.0,0.0
2025-12-15,26284.524524928012,6024.036186142,32308.56071107001,0.0,0.0,3126.518443,0.0,0.0
2025-12-22,21762.16053586595,178725.57831573795,200487.7388516039,0.0,77.408886,91721.458341,0.0,0.0
2025-12-29,24846.361551356727,28152.54980474822,52998.91135610495,0.0,12.716388,14710.569017,0.0,0.0
2026-01-05,27597.297814046306,1275.305586026,28872.603400072305,0.0,0.064786,834.307516,0.0,0.0
2026-01-12,25153.52204211188,54523.84575485936,79677.36779697123,0.0,9.419758999999999,44584.6221,0.0,0.0
2026-01-19,23628.831957530238,216474.43988992146,240103.2718474517,0.0,23.212742,169670.747818,0.0,0.0
2026-01-26,9087.05926655506,430384.7544620175,439471.81372857257,0.0,14.452836,316845.580142,0.0,0.0
2026-02-02,13801.519793199868,283016.60083041486,296818.1206236147,0.0,11.141509,218898.571519,0.0,0.0
2026-02-09,19262.74146188525,436534.44582064275,455797.187282528,0.0,210.454049,387027.988115,0.0,0.0
2026-02-16,9748.824156799656,110107.17916440437,397882.8545850344,278026.85126383044,14.725726,119055.637689,285550.785115,31.024532
2026-02-23,33308.98506414303,7664.11233817026,413472.08903034736,372498.9916280341,122.536402,7529.435611,380645.66019,2136.349118
2026-03-02,59323.262532747365,4195.5089734270005,584557.7936837184,521039.0221775441,389.654343,4170.540598,531585.808082,44283.072986
2026-03-09,99977.35278783107,0.0,535664.6557796239,435687.3029917928,0.0,0.0,448441.889552,120562.267305
2026-03-16,114543.73971345917,0.0,428233.83774500416,313690.098031545,0.0,0.0,318122.534474,216576.390649
2026-03-23,95480.9519100768,0.0,291690.3659741816,196209.41406410484,0.0,0.0,195402.623837,160714.467294
2026-03-30,61351.754334500685,0.0,127586.3493146967,66234.594980196,0.0,0.0,65898.42647,50146.918549
2026-04-06,57645.78352064586,0.0,144385.00790131706,86739.22438067119,0.0,0.0,83530.848592,84124.100895
2026-04-13,93229.58058257721,0.0,194768.3453302055,101538.7647476283,0.0,0.0,100732.328349,51694.24757
2026-04-20,104427.86426070047,0.0,558412.2646796749,453984.40041897446,0.0,0.0,182925.915106,210566.744436
2026-04-27,134045.15996619617,0.0,1053233.45779082,919188.297824624,0.0,0.0,181286.966049,1017499.831199
2026-05-04,177481.68568303503,0.0,339719.59965583973,162237.91397280467,0.0,0.0,29730.034012,170035.709492
2026-05-11,273351.2128859134,0.0,640566.8099906573,367215.5971047439,0.0,0.0,71682.120011,162925.193752
2026-05-18,217486.3195646113,0.0,1291202.255971435,1073715.9364068236,0.0,0.0,585015.397165,648089.677386
2026-05-25,296218.63285158394,0.0,2363857.422320015,2067638.7894684307,0.0,0.0,1324355.510482,1974281.962815
2026-06-01,277117.00890710857,0.0,1742631.5725249054,1465514.5636177969,0.0,0.0,923206.442867,1198110.569939
2026-06-08,293727.64091203915,0.0,856575.1227203925,562847.4818083532,0.0,0.0,296838.390194,550143.686385
2026-06-15,479757.5108033279,0.0,961749.2155370159,481991.70473368815,0.0,0.0,261903.150334,419150.543042
2026-06-22,77572.51936359337,0.0,372875.3186043455,295302.79924075207,0.0,0.0,170678.640086,220994.484305
2026-06-29,270350.0429104741,0.0,629579.7168872431,359229.673976769,0.0,0.0,198935.433251,372353.356127
2026-07-06,154551.25354441008,0.0,355819.0257201966,201267.77217578655,0.0,0.0,111167.361312,190848.657229
2026-07-13,27994.651243192304,71058.096746198,212691.9804378193,113639.232448429,36410.749384,39704.82454,62917.087277,93938.543848
2026-07-20,34959.46326017429,65708.971106649,316670.54993707227,216002.11557024898,66662.954851,33926.194717,111883.874792,232682.05572
2026-07-27,32971.706272079005,19324.919044747,205921.87672396345,153625.25140713743,20172.69962,9426.468667,80002.78146,162091.11756
2026-08-03,27203.367751803937,16029.075417854,228523.41267511388,185290.96950545596,15645.963863,7939.251493,96483.955694,197237.490102
2026-08-10,28871.903454358246,4125.914930204,170563.32870197482,137565.51031741258,4417.873307,2117.560878,78483.564682,135892.291008
2026-08-17,16236.088310934516,502.15503249999995,74816.67538330553,58078.432039871004,592.663462,233.561138,32630.475544,72940.788997
2026-08-24,14763.046088121197,103.464508025,61658.817065849784,46792.30646970359,92.128898,62.918185,24954.467171,41384.089386
2026-08-31,35108.41768653923,0.0,53048.53165314723,17940.113966608,9.855589,0.0,10419.245961,20210.436898
2026-09-07,19382.423907598306,23141.85948095214,106446.59139186644,63922.308003316,13479.42055,10828.798725,32446.957379,53318.02706
2026-09-14,7654.4258089422765,6275.54646491,48153.776311664275,34223.804037812,5740.79763,2598.202074,15373.664247,33844.29902
2026-09-21,6785.482267164554,2819.385166421,34891.76223194766,25286.894798362107,1813.153765,1095.010185,10676.980886,19113.362217
2026-09-28,464.7598964813605,190.029007743,1959.4480046463605,1304.659100422,743.679505,63.268109,500.948054,4837.606043
